position	reference	substitution	VariationID	label
1463	F	L	1166697	0
1441	D	Y	953286	1
1441	D	H	850851	1
1431	T	I	425629	1
1413	D	G	1332991	1
1398	I	S	2138065	1
1395	E	K	1415174	0
1368	Y	C	2032277	1
1298	T	I	3912057	1
1285	D	E	1455998	1
1274	Y	S	852121	1
1272	G	V	425626	1
1264	M	V	425625	1
1219	D	G	1192753	1
1218	A	V	2819030	1
1216	Y	C	456776	1
1166	G	S	655548	1
1136	G	A	456769	1
1126	P	S	2184582	0
1119	P	T	2417057	0
1082	G	S	3912061	1
1082	G	C	17299	1
1061	G	D	17298	1
1047	A	P	859295	0
1019	G	C	626346	1
992	G	S	2027800	1
983	G	C	3634722	1
966	Q	R	35917	1
959	G	V	3220896	1
956	G	A	1333364	1
941	G	C	3781315	1
924	P	S	2051991	0
918	R	G	4277738	1
895	P	L	2158679	0
866	G	S	425612	1
860	G	E	1341495	1
830	G	D	1485435	1
815	G	D	3363153	1
815	G	A	1400106	1
805	P	L	1702172	0
791	G	A	2748270	1
767	G	S	546096	1
749	G	S	2138072	1
678	E	K	456742	1
641	G	R	1457442	1
625	A	T	196007	0
611	G	D	2734252	1
572	G	A	811430	1
569	G	R	17287	1
533	G	D	17329	1
516	P	S	2848202	0
482	G	R	2094263	1
467	G	R	1678538	1
425	G	S	647159	1
410	G	A	2860970	1
374	G	A	447137	1
371	G	A	870101	1
371	G	S	526864	1
362	G	S	930902	1
353	G	R	2829583	1
341	G	C	35896	1
335	G	A	3362885	1
326	G	D	425642	1
326	G	S	2847789	1
320	G	V	2736627	1
299	G	V	4075333	1
275	G	D	17284	1
275	G	C	665914	1
272	G	S	1071489	1
269	G	D	1996639	1
260	G	D	1382447	1
254	G	E	17349	1
251	G	D	425638	1
245	G	W	691325	1
242	G	V	803437	1
224	G	S	2435758	1
218	G	R	1458042	1
215	G	D	3382832	1
212	G	D	3912060	1
212	G	E	3382929	1
194	G	C	3634734	1
191	G	D	17348	1
188	G	D	425634	1
187	R	H	2892921	0
115	G	E	2073530	0
57	P	A	2759720	0
48	H	R	862424	0
22	G	R	996641	1
