VariationID	Name	gene	protein_change	cdna_change	true_label
17332	NM_000088.4(COL1A1):c.4391T>C (p.Leu1464Pro)	COL1A1	Leu1464Pro	c.4391T>C	1
1166697	NM_000088.4(COL1A1):c.4387T>C (p.Phe1463Leu)	COL1A1	Phe1463Leu	c.4387T>C	0
1492151	NM_000088.4(COL1A1):c.4343G>A (p.Gly1448Asp)	COL1A1	Gly1448Asp	c.4343G>A	1
3061969	NM_000088.4(COL1A1):c.4342G>C (p.Gly1448Arg)	COL1A1	Gly1448Arg	c.4342G>C	1
4057242	NM_000088.4(COL1A1):c.4336G>A (p.Asp1446Asn)	COL1A1	Asp1446Asn	c.4336G>A	1
431035	NM_000088.4(COL1A1):c.4328C>T (p.Ala1443Val)	COL1A1	Ala1443Val	c.4328C>T	1
948959	NM_000088.4(COL1A1):c.4325T>C (p.Val1442Ala)	COL1A1	Val1442Ala	c.4325T>C	0
953286	NM_000088.4(COL1A1):c.4321G>T (p.Asp1441Tyr)	COL1A1	Asp1441Tyr	c.4321G>T	1
850851	NM_000088.4(COL1A1):c.4321G>C (p.Asp1441His)	COL1A1	Asp1441His	c.4321G>C	1
425629	NM_000088.4(COL1A1):c.4292C>T (p.Thr1431Ile)	COL1A1	Thr1431Ile	c.4292C>T	1
1332991	NM_000088.4(COL1A1):c.4238A>G (p.Asp1413Gly)	COL1A1	Asp1413Gly	c.4238A>G	1
949210	NM_000088.4(COL1A1):c.4237G>A (p.Asp1413Asn)	COL1A1	Asp1413Asn	c.4237G>A	1
4075331	NM_000088.4(COL1A1):c.4223A>C (p.Tyr1408Ser)	COL1A1	Tyr1408Ser	c.4223A>C	1
2138065	NM_000088.4(COL1A1):c.4193T>G (p.Ile1398Ser)	COL1A1	Ile1398Ser	c.4193T>G	1
1415174	NM_000088.4(COL1A1):c.4183G>A (p.Glu1395Lys)	COL1A1	Glu1395Lys	c.4183G>A	0
379751	NM_000088.4(COL1A1):c.4181A>G (p.Asn1394Ser)	COL1A1	Asn1394Ser	c.4181A>G	0
1332872	NM_000088.4(COL1A1):c.4166T>C (p.Leu1389Pro)	COL1A1	Leu1389Pro	c.4166T>C	1
842026	NM_000088.4(COL1A1):c.4163T>C (p.Leu1388Pro)	COL1A1	Leu1388Pro	c.4163T>C	1
41470	NM_000088.4(COL1A1):c.4160C>T (p.Ala1387Val)	COL1A1	Ala1387Val	c.4160C>T	1
1687324	NM_000088.4(COL1A1):c.4159G>A (p.Ala1387Thr)	COL1A1	Ala1387Thr	c.4159G>A	1
1402985	NM_000088.4(COL1A1):c.4120G>A (p.Val1374Met)	COL1A1	Val1374Met	c.4120G>A	0
2032277	NM_000088.4(COL1A1):c.4103A>G (p.Tyr1368Cys)	COL1A1	Tyr1368Cys	c.4103A>G	1
3706479	NM_000088.4(COL1A1):c.4099A>T (p.Thr1367Ser)	COL1A1	Thr1367Ser	c.4099A>T	1
4057243	NM_000088.4(COL1A1):c.4051C>G (p.Gln1351Glu)	COL1A1	Gln1351Glu	c.4051C>G	1
2741156	NM_000088.4(COL1A1):c.3995A>G (p.Asp1332Gly)	COL1A1	Asp1332Gly	c.3995A>G	0
1390310	NM_000088.4(COL1A1):c.3982G>A (p.Glu1328Lys)	COL1A1	Glu1328Lys	c.3982G>A	0
2498126	NM_000088.4(COL1A1):c.3977T>G (p.Phe1326Cys)	COL1A1	Phe1326Cys	c.3977T>G	1
1063789	NM_000088.4(COL1A1):c.3975G>T (p.Trp1325Cys)	COL1A1	Trp1325Cys	c.3975G>T	1
2626750	NM_000088.4(COL1A1):c.3967C>T (p.His1323Tyr)	COL1A1	His1323Tyr	c.3967C>T	1
456783	NM_000088.4(COL1A1):c.3965G>A (p.Arg1322Lys)	COL1A1	Arg1322Lys	c.3965G>A	0
3704827	NM_000088.4(COL1A1):c.3958G>A (p.Asp1320Asn)	COL1A1	Asp1320Asn	c.3958G>A	0
17335	NM_000088.4(COL1A1):c.3936G>T (p.Trp1312Cys)	COL1A1	Trp1312Cys	c.3936G>T	1
1431882	NM_000088.4(COL1A1):c.3914C>T (p.Pro1305Leu)	COL1A1	Pro1305Leu	c.3914C>T	0
425627	NM_000088.4(COL1A1):c.3897C>G (p.Cys1299Trp)	COL1A1	Cys1299Trp	c.3897C>G	1
3912057	NM_000088.4(COL1A1):c.3893C>T (p.Thr1298Ile)	COL1A1	Thr1298Ile	c.3893C>T	1
456782	NM_000088.4(COL1A1):c.3893C>A (p.Thr1298Asn)	COL1A1	Thr1298Asn	c.3893C>A	1
1341494	NM_000088.4(COL1A1):c.3871T>G (p.Cys1291Gly)	COL1A1	Cys1291Gly	c.3871T>G	1
1455998	NM_000088.4(COL1A1):c.3855T>A (p.Asp1285Glu)	COL1A1	Asp1285Glu	c.3855T>A	1
456779	NM_000088.4(COL1A1):c.3849C>A (p.Asn1283Lys)	COL1A1	Asn1283Lys	c.3849C>A	0
2907526	NM_000088.4(COL1A1):c.3825G>T (p.Trp1275Cys)	COL1A1	Trp1275Cys	c.3825G>T	1
852121	NM_000088.4(COL1A1):c.3821A>C (p.Tyr1274Ser)	COL1A1	Tyr1274Ser	c.3821A>C	1
425626	NM_000088.4(COL1A1):c.3815G>T (p.Gly1272Val)	COL1A1	Gly1272Val	c.3815G>T	1
425625	NM_000088.4(COL1A1):c.3790A>G (p.Met1264Val)	COL1A1	Met1264Val	c.3790A>G	1
3004633	NM_000088.4(COL1A1):c.3737G>A (p.Arg1246Gln)	COL1A1	Arg1246Gln	c.3737G>A	0
2740596	NM_000088.4(COL1A1):c.3701C>G (p.Thr1234Ser)	COL1A1	Thr1234Ser	c.3701C>G	0
1192753	NM_000088.4(COL1A1):c.3656A>G (p.Asp1219Gly)	COL1A1	Asp1219Gly	c.3656A>G	1
425622	NM_000088.4(COL1A1):c.3655G>A (p.Asp1219Asn)	COL1A1	Asp1219Asn	c.3655G>A	1
2819030	NM_000088.4(COL1A1):c.3653C>T (p.Ala1218Val)	COL1A1	Ala1218Val	c.3653C>T	1
853496	NM_000088.4(COL1A1):c.3652G>A (p.Ala1218Thr)	COL1A1	Ala1218Thr	c.3652G>A	1
456776	NM_000088.4(COL1A1):c.3647A>G (p.Tyr1216Cys)	COL1A1	Tyr1216Cys	c.3647A>G	1
2148981	NM_000088.4(COL1A1):c.3637G>A (p.Gly1213Ser)	COL1A1	Gly1213Ser	c.3637G>A	0
3620157	NM_000088.4(COL1A1):c.3598T>C (p.Phe1200Leu)	COL1A1	Phe1200Leu	c.3598T>C	0
1678748	NM_000088.4(COL1A1):c.3595A>G (p.Ser1199Gly)	COL1A1	Ser1199Gly	c.3595A>G	0
1070188	NM_000088.4(COL1A1):c.3569G>A (p.Gly1190Asp)	COL1A1	Gly1190Asp	c.3569G>A	1
17302	NM_000088.4(COL1A1):c.3559G>A (p.Gly1187Ser)	COL1A1	Gly1187Ser	c.3559G>A	1
17317	NM_000088.4(COL1A1):c.3551G>T (p.Gly1184Val)	COL1A1	Gly1184Val	c.3551G>T	1
17313	NM_000088.4(COL1A1):c.3541G>A (p.Gly1181Ser)	COL1A1	Gly1181Ser	c.3541G>A	1
689608	NM_000088.4(COL1A1):c.3538C>A (p.Pro1180Thr)	COL1A1	Pro1180Thr	c.3538C>A	0
3347564	NM_000088.4(COL1A1):c.3506G>T (p.Gly1169Val)	COL1A1	Gly1169Val	c.3506G>T	1
425589	NM_000088.4(COL1A1):c.3505G>A (p.Gly1169Ser)	COL1A1	Gly1169Ser	c.3505G>A	1
655548	NM_000088.4(COL1A1):c.3496G>A (p.Gly1166Ser)	COL1A1	Gly1166Ser	c.3496G>A	1
17301	NM_000088.4(COL1A1):c.3496G>T (p.Gly1166Cys)	COL1A1	Gly1166Cys	c.3496G>T	1
582248	NM_000088.4(COL1A1):c.3487G>A (p.Gly1163Arg)	COL1A1	Gly1163Arg	c.3487G>A	1
1076168	NM_000088.4(COL1A1):c.3470G>A (p.Gly1157Asp)	COL1A1	Gly1157Asp	c.3470G>A	1
1494066	NM_000088.4(COL1A1):c.3469G>A (p.Gly1157Ser)	COL1A1	Gly1157Ser	c.3469G>A	1
2091468	NM_000088.4(COL1A1):c.3468C>G (p.Asn1156Lys)	COL1A1	Asn1156Lys	c.3468C>G	0
854172	NM_000088.4(COL1A1):c.3451G>A (p.Gly1151Ser)	COL1A1	Gly1151Ser	c.3451G>A	1
431028	NM_000088.4(COL1A1):c.3443G>A (p.Gly1148Asp)	COL1A1	Gly1148Asp	c.3443G>A	1
3634720	NM_000088.4(COL1A1):c.3434G>C (p.Gly1145Ala)	COL1A1	Gly1145Ala	c.3434G>C	1
1710022	NM_000088.4(COL1A1):c.3434G>T (p.Gly1145Val)	COL1A1	Gly1145Val	c.3434G>T	1
456769	NM_000088.4(COL1A1):c.3407G>C (p.Gly1136Ala)	COL1A1	Gly1136Ala	c.3407G>C	1
573411	NM_000088.4(COL1A1):c.3389G>A (p.Gly1130Asp)	COL1A1	Gly1130Asp	c.3389G>A	1
2184582	NM_000088.4(COL1A1):c.3376C>T (p.Pro1126Ser)	COL1A1	Pro1126Ser	c.3376C>T	0
2417057	NM_000088.4(COL1A1):c.3355C>A (p.Pro1119Thr)	COL1A1	Pro1119Thr	c.3355C>A	0
1332992	NM_000088.4(COL1A1):c.3316G>T (p.Gly1106Cys)	COL1A1	Gly1106Cys	c.3316G>T	1
2854303	NM_000088.4(COL1A1):c.3310G>A (p.Asp1104Asn)	COL1A1	Asp1104Asn	c.3310G>A	0
1324104	NM_000088.4(COL1A1):c.3281G>C (p.Gly1094Ala)	COL1A1	Gly1094Ala	c.3281G>C	1
17300	NM_000088.4(COL1A1):c.3271G>A (p.Gly1091Ser)	COL1A1	Gly1091Ser	c.3271G>A	1
3912061	NM_000088.4(COL1A1):c.3244G>A (p.Gly1082Ser)	COL1A1	Gly1082Ser	c.3244G>A	1
17299	NM_000088.4(COL1A1):c.3244G>T (p.Gly1082Cys)	COL1A1	Gly1082Cys	c.3244G>T	1
17322	NM_000088.4(COL1A1):c.3235G>A (p.Gly1079Ser)	COL1A1	Gly1079Ser	c.3235G>A	1
425618	NM_000088.4(COL1A1):c.3226G>A (p.Gly1076Ser)	COL1A1	Gly1076Ser	c.3226G>A	1
379433	NM_000088.4(COL1A1):c.3223G>A (p.Ala1075Thr)	COL1A1	Ala1075Thr	c.3223G>A	0
1701978	NM_000088.4(COL1A1):c.3209G>A (p.Gly1070Asp)	COL1A1	Gly1070Asp	c.3209G>A	1
2430178	NM_000088.4(COL1A1):c.3182G>T (p.Gly1061Val)	COL1A1	Gly1061Val	c.3182G>T	1
691322	NM_000088.4(COL1A1):c.3182G>C (p.Gly1061Ala)	COL1A1	Gly1061Ala	c.3182G>C	1
17298	NM_000088.4(COL1A1):c.3182G>A (p.Gly1061Asp)	COL1A1	Gly1061Asp	c.3182G>A	1
2159543	NM_000088.4(COL1A1):c.3155G>C (p.Gly1052Ala)	COL1A1	Gly1052Ala	c.3155G>C	1
859295	NM_000088.4(COL1A1):c.3139G>C (p.Ala1047Pro)	COL1A1	Ala1047Pro	c.3139G>C	0
3722863	NM_000088.4(COL1A1):c.3136G>T (p.Gly1046Cys)	COL1A1	Gly1046Cys	c.3136G>T	1
3695332	NM_000088.4(COL1A1):c.3130C>A (p.Pro1044Thr)	COL1A1	Pro1044Thr	c.3130C>A	0
975883	NM_000088.4(COL1A1):c.3128G>C (p.Gly1043Ala)	COL1A1	Gly1043Ala	c.3128G>C	1
1650465	NM_000088.4(COL1A1):c.3124G>A (p.Ala1042Thr)	COL1A1	Ala1042Thr	c.3124G>A	0
1806458	NM_000088.4(COL1A1):c.3119G>C (p.Gly1040Ala)	COL1A1	Gly1040Ala	c.3119G>C	1
17330	NM_000088.4(COL1A1):c.3118G>A (p.Gly1040Ser)	COL1A1	Gly1040Ser	c.3118G>A	1
3255125	NM_000088.4(COL1A1):c.3092G>A (p.Gly1031Asp)	COL1A1	Gly1031Asp	c.3092G>A	1
4075330	NM_000088.4(COL1A1):c.3091G>A (p.Gly1031Ser)	COL1A1	Gly1031Ser	c.3091G>A	1
2506860	NM_000088.4(COL1A1):c.3082G>A (p.Gly1028Ser)	COL1A1	Gly1028Ser	c.3082G>A	1
17297	NM_000088.4(COL1A1):c.3073G>A (p.Gly1025Arg)	COL1A1	Gly1025Arg	c.3073G>A	1
499457	NM_000088.4(COL1A1):c.3065G>C (p.Gly1022Ala)	COL1A1	Gly1022Ala	c.3065G>C	1
420061	NM_000088.4(COL1A1):c.3065G>T (p.Gly1022Val)	COL1A1	Gly1022Val	c.3065G>T	1
1343415	NM_000088.4(COL1A1):c.3064G>T (p.Gly1022Cys)	COL1A1	Gly1022Cys	c.3064G>T	1
2037308	NM_000088.4(COL1A1):c.3061G>A (p.Glu1021Lys)	COL1A1	Glu1021Lys	c.3061G>A	0
626346	NM_000088.4(COL1A1):c.3055G>T (p.Gly1019Cys)	COL1A1	Gly1019Cys	c.3055G>T	1
17347	NM_000088.4(COL1A1):c.3040C>T (p.Arg1014Cys)	COL1A1	Arg1014Cys	c.3040C>T	1
17295	NM_000088.4(COL1A1):c.3028G>A (p.Gly1010Ser)	COL1A1	Gly1010Ser	c.3028G>A	1
2172808	NM_000088.4(COL1A1):c.3016G>T (p.Ala1006Ser)	COL1A1	Ala1006Ser	c.3016G>T	0
2626748	NM_000088.4(COL1A1):c.3001G>A (p.Gly1001Ser)	COL1A1	Gly1001Ser	c.3001G>A	1
691320	NM_000088.4(COL1A1):c.2993G>C (p.Gly998Ala)	COL1A1	Gly998Ala	c.2993G>C	1
691319	NM_000088.4(COL1A1):c.2984G>C (p.Gly995Ala)	COL1A1	Gly995Ala	c.2984G>C	1
2027800	NM_000088.4(COL1A1):c.2974G>A (p.Gly992Ser)	COL1A1	Gly992Ser	c.2974G>A	1
3899285	NM_000088.4(COL1A1):c.2956G>A (p.Gly986Ser)	COL1A1	Gly986Ser	c.2956G>A	1
3634722	NM_000088.4(COL1A1):c.2947G>T (p.Gly983Cys)	COL1A1	Gly983Cys	c.2947G>T	1
1502293	NM_000088.4(COL1A1):c.2947G>A (p.Gly983Ser)	COL1A1	Gly983Ser	c.2947G>A	1
2117616	NM_000088.4(COL1A1):c.2929G>A (p.Gly977Ser)	COL1A1	Gly977Ser	c.2929G>A	1
35917	NM_000088.4(COL1A1):c.2897A>G (p.Gln966Arg)	COL1A1	Gln966Arg	c.2897A>G	1
3220896	NM_000088.4(COL1A1):c.2876G>T (p.Gly959Val)	COL1A1	Gly959Val	c.2876G>T	1
1333364	NM_000088.4(COL1A1):c.2867G>C (p.Gly956Ala)	COL1A1	Gly956Ala	c.2867G>C	1
209140	NM_000088.4(COL1A1):c.2866G>A (p.Gly956Arg)	COL1A1	Gly956Arg	c.2866G>A	1
2573072	NM_000088.4(COL1A1):c.2858G>T (p.Gly953Val)	COL1A1	Gly953Val	c.2858G>T	1
567054	NM_000088.4(COL1A1):c.2845C>T (p.Pro949Ser)	COL1A1	Pro949Ser	c.2845C>T	0
3781315	NM_000088.4(COL1A1):c.2821G>T (p.Gly941Cys)	COL1A1	Gly941Cys	c.2821G>T	1
2503428	NM_000088.4(COL1A1):c.2821G>A (p.Gly941Ser)	COL1A1	Gly941Ser	c.2821G>A	1
1394703	NM_000088.4(COL1A1):c.2779C>T (p.Pro927Ser)	COL1A1	Pro927Ser	c.2779C>T	0
3377257	NM_000088.4(COL1A1):c.2777G>A (p.Gly926Asp)	COL1A1	Gly926Asp	c.2777G>A	1
17294	NM_000088.4(COL1A1):c.2776G>T (p.Gly926Cys)	COL1A1	Gly926Cys	c.2776G>T	1
2051991	NM_000088.4(COL1A1):c.2770C>T (p.Pro924Ser)	COL1A1	Pro924Ser	c.2770C>T	0
1676210	NM_000088.4(COL1A1):c.2758G>A (p.Gly920Ser)	COL1A1	Gly920Ser	c.2758G>A	1
4277738	NM_000088.4(COL1A1):c.2752C>G (p.Arg918Gly)	COL1A1	Arg918Gly	c.2752C>G	1
377715	NM_000088.4(COL1A1):c.2716G>A (p.Gly906Ser)	COL1A1	Gly906Ser	c.2716G>A	0
834833	NM_000088.4(COL1A1):c.2704G>A (p.Gly902Ser)	COL1A1	Gly902Ser	c.2704G>A	1
2199378	NM_000088.4(COL1A1):c.2702C>T (p.Ala901Val)	COL1A1	Ala901Val	c.2702C>T	0
17293	NM_000088.4(COL1A1):c.2686G>T (p.Gly896Cys)	COL1A1	Gly896Cys	c.2686G>T	1
2158679	NM_000088.4(COL1A1):c.2684C>T (p.Pro895Leu)	COL1A1	Pro895Leu	c.2684C>T	0
1069647	NM_000088.4(COL1A1):c.2678G>C (p.Gly893Ala)	COL1A1	Gly893Ala	c.2678G>C	1
2572380	NM_000088.4(COL1A1):c.2669G>C (p.Gly890Ala)	COL1A1	Gly890Ala	c.2669G>C	1
1971377	NM_000088.4(COL1A1):c.2617G>A (p.Ala873Thr)	COL1A1	Ala873Thr	c.2617G>A	0
425612	NM_000088.4(COL1A1):c.2596G>A (p.Gly866Ser)	COL1A1	Gly866Ser	c.2596G>A	1
1341495	NM_000088.4(COL1A1):c.2579G>A (p.Gly860Glu)	COL1A1	Gly860Glu	c.2579G>A	1
2894663	NM_000088.4(COL1A1):c.2573C>T (p.Ala858Val)	COL1A1	Ala858Val	c.2573C>T	0
1034645	NM_000088.4(COL1A1):c.2572G>A (p.Ala858Thr)	COL1A1	Ala858Thr	c.2572G>A	0
2015948	NM_000088.4(COL1A1):c.2570G>A (p.Gly857Asp)	COL1A1	Gly857Asp	c.2570G>A	1
870106	NM_000088.4(COL1A1):c.2569G>T (p.Gly857Cys)	COL1A1	Gly857Cys	c.2569G>T	1
2138070	NM_000088.4(COL1A1):c.2560G>A (p.Gly854Ser)	COL1A1	Gly854Ser	c.2560G>A	1
581481	NM_000088.4(COL1A1):c.2560G>C (p.Gly854Arg)	COL1A1	Gly854Arg	c.2560G>C	1
2172785	NM_000088.4(COL1A1):c.2554C>T (p.Pro852Ser)	COL1A1	Pro852Ser	c.2554C>T	0
1454444	NM_000088.4(COL1A1):c.2552G>C (p.Gly851Ala)	COL1A1	Gly851Ala	c.2552G>C	1
17290	NM_000088.4(COL1A1):c.2552G>A (p.Gly851Asp)	COL1A1	Gly851Asp	c.2552G>A	1
526859	NM_000088.4(COL1A1):c.2539G>A (p.Ala847Thr)	COL1A1	Ala847Thr	c.2539G>A	0
526841	NM_000088.4(COL1A1):c.2534G>C (p.Gly845Ala)	COL1A1	Gly845Ala	c.2534G>C	1
17291	NM_000088.4(COL1A1):c.2533G>A (p.Gly845Arg)	COL1A1	Gly845Arg	c.2533G>A	1
2140503	NM_000088.4(COL1A1):c.2530G>T (p.Ala844Ser)	COL1A1	Ala844Ser	c.2530G>T	0
2202377	NM_000088.4(COL1A1):c.2521C>T (p.Pro841Ser)	COL1A1	Pro841Ser	c.2521C>T	0
17331	NM_000088.4(COL1A1):c.2515G>A (p.Gly839Ser)	COL1A1	Gly839Ser	c.2515G>A	1
1702104	NM_000088.4(COL1A1):c.2507G>A (p.Gly836Asp)	COL1A1	Gly836Asp	c.2507G>A	1
1485435	NM_000088.4(COL1A1):c.2489G>A (p.Gly830Asp)	COL1A1	Gly830Asp	c.2489G>A	1
425610	NM_000088.4(COL1A1):c.2461G>A (p.Gly821Ser)	COL1A1	Gly821Ser	c.2461G>A	1
691326	NM_000088.4(COL1A1):c.2452G>A (p.Gly818Ser)	COL1A1	Gly818Ser	c.2452G>A	1
3363153	NM_000088.4(COL1A1):c.2444G>A (p.Gly815Asp)	COL1A1	Gly815Asp	c.2444G>A	1
1400106	NM_000088.4(COL1A1):c.2444G>C (p.Gly815Ala)	COL1A1	Gly815Ala	c.2444G>C	1
17314	NM_000088.4(COL1A1):c.2444G>T (p.Gly815Val)	COL1A1	Gly815Val	c.2444G>T	1
281901	NM_000088.4(COL1A1):c.2434G>A (p.Gly812Ser)	COL1A1	Gly812Ser	c.2434G>A	1
1702172	NM_000088.4(COL1A1):c.2414C>T (p.Pro805Leu)	COL1A1	Pro805Leu	c.2414C>T	0
2748523	NM_000088.4(COL1A1):c.2407G>A (p.Gly803Ser)	COL1A1	Gly803Ser	c.2407G>A	1
2748270	NM_000088.4(COL1A1):c.2372G>C (p.Gly791Ala)	COL1A1	Gly791Ala	c.2372G>C	1
447141	NM_000088.4(COL1A1):c.2362G>A (p.Gly788Ser)	COL1A1	Gly788Ser	c.2362G>A	1
3634725	NM_000088.4(COL1A1):c.2353G>C (p.Gly785Arg)	COL1A1	Gly785Arg	c.2353G>C	1
1338858	NM_000088.4(COL1A1):c.2336G>T (p.Gly779Val)	COL1A1	Gly779Val	c.2336G>T	1
425608	NM_000088.4(COL1A1):c.2335G>A (p.Gly779Ser)	COL1A1	Gly779Ser	c.2335G>A	1
546096	NM_000088.4(COL1A1):c.2299G>A (p.Gly767Ser)	COL1A1	Gly767Ser	c.2299G>A	1
954420	NM_000088.4(COL1A1):c.2291G>C (p.Gly764Ala)	COL1A1	Gly764Ala	c.2291G>C	1
17338	NM_000088.4(COL1A1):c.2291G>T (p.Gly764Val)	COL1A1	Gly764Val	c.2291G>T	1
1512658	NM_000088.4(COL1A1):c.2276A>C (p.Lys759Thr)	COL1A1	Lys759Thr	c.2276A>C	0
3703381	NM_000088.4(COL1A1):c.2262T>A (p.Asp754Glu)	COL1A1	Asp754Glu	c.2262T>A	0
2138072	NM_000088.4(COL1A1):c.2245G>A (p.Gly749Ser)	COL1A1	Gly749Ser	c.2245G>A	1
17327	NM_000088.4(COL1A1):c.2228G>T (p.Gly743Val)	COL1A1	Gly743Val	c.2228G>T	1
579113	NM_000088.4(COL1A1):c.2216C>T (p.Pro739Leu)	COL1A1	Pro739Leu	c.2216C>T	0
17289	NM_000088.4(COL1A1):c.2210G>A (p.Gly737Asp)	COL1A1	Gly737Asp	c.2210G>A	1
1409133	NM_000088.4(COL1A1):c.2200G>A (p.Gly734Ser)	COL1A1	Gly734Ser	c.2200G>A	1
571811	NM_000088.4(COL1A1):c.2197C>T (p.Arg733Cys)	COL1A1	Arg733Cys	c.2197C>T	1
3722865	NM_000088.4(COL1A1):c.2192G>C (p.Gly731Ala)	COL1A1	Gly731Ala	c.2192G>C	1
2626749	NM_000088.4(COL1A1):c.2192G>A (p.Gly731Asp)	COL1A1	Gly731Asp	c.2192G>A	1
590988	NM_000088.4(COL1A1):c.2164G>A (p.Gly722Ser)	COL1A1	Gly722Ser	c.2164G>A	1
17310	NM_000088.4(COL1A1):c.2156G>A (p.Gly719Asp)	COL1A1	Gly719Asp	c.2156G>A	1
845682	NM_000088.4(COL1A1):c.2155G>T (p.Gly719Cys)	COL1A1	Gly719Cys	c.2155G>T	1
425606	NM_000088.4(COL1A1):c.2155G>A (p.Gly719Ser)	COL1A1	Gly719Ser	c.2155G>A	1
2075735	NM_000088.4(COL1A1):c.2141C>T (p.Ala714Val)	COL1A1	Ala714Val	c.2141C>T	0
811940	NM_000088.4(COL1A1):c.2110G>A (p.Gly704Ser)	COL1A1	Gly704Ser	c.2110G>A	1
17288	NM_000088.4(COL1A1):c.2110G>T (p.Gly704Cys)	COL1A1	Gly704Cys	c.2110G>T	1
1072429	NM_000088.4(COL1A1):c.2101G>A (p.Gly701Ser)	COL1A1	Gly701Ser	c.2101G>A	1
425604	NM_000088.4(COL1A1):c.2075G>C (p.Gly692Ala)	COL1A1	Gly692Ala	c.2075G>C	1
1702100	NM_000088.4(COL1A1):c.2074G>T (p.Gly692Cys)	COL1A1	Gly692Cys	c.2074G>T	1
992399	NM_000088.4(COL1A1):c.2074G>A (p.Gly692Ser)	COL1A1	Gly692Ser	c.2074G>A	1
1464986	NM_000088.4(COL1A1):c.2072C>T (p.Pro691Leu)	COL1A1	Pro691Leu	c.2072C>T	0
1338758	NM_000088.4(COL1A1):c.2056G>A (p.Gly686Ser)	COL1A1	Gly686Ser	c.2056G>A	1
1425557	NM_000088.4(COL1A1):c.2054G>A (p.Arg685His)	COL1A1	Arg685His	c.2054G>A	0
962939	NM_000088.4(COL1A1):c.2048G>C (p.Gly683Ala)	COL1A1	Gly683Ala	c.2048G>C	1
3671774	NM_000088.4(COL1A1):c.2043C>A (p.Phe681Leu)	COL1A1	Phe681Leu	c.2043C>A	0
456742	NM_000088.4(COL1A1):c.2032G>A (p.Glu678Lys)	COL1A1	Glu678Lys	c.2032G>A	1
1011655	NM_000088.4(COL1A1):c.2024C>A (p.Ala675Glu)	COL1A1	Ala675Glu	c.2024C>A	0
1024210	NM_000088.4(COL1A1):c.2005G>C (p.Ala669Pro)	COL1A1	Ala669Pro	c.2005G>C	0
3634726	NM_000088.4(COL1A1):c.1994G>C (p.Gly665Ala)	COL1A1	Gly665Ala	c.1994G>C	1
1702097	NM_000088.4(COL1A1):c.1948G>C (p.Gly650Arg)	COL1A1	Gly650Arg	c.1948G>C	1
1352328	NM_000088.4(COL1A1):c.1922G>C (p.Gly641Ala)	COL1A1	Gly641Ala	c.1922G>C	1
812584	NM_000088.4(COL1A1):c.1922G>T (p.Gly641Val)	COL1A1	Gly641Val	c.1922G>T	1
1457442	NM_000088.4(COL1A1):c.1921G>A (p.Gly641Arg)	COL1A1	Gly641Arg	c.1921G>A	1
3634727	NM_000088.4(COL1A1):c.1913G>C (p.Gly638Ala)	COL1A1	Gly638Ala	c.1913G>C	1
2736623	NM_000088.4(COL1A1):c.1876G>A (p.Gly626Ser)	COL1A1	Gly626Ser	c.1876G>A	1
196007	NM_000088.4(COL1A1):c.1873G>A (p.Ala625Thr)	COL1A1	Ala625Thr	c.1873G>A	0
1702532	NM_000088.4(COL1A1):c.1867G>A (p.Gly623Ser)	COL1A1	Gly623Ser	c.1867G>A	1
2701710	NM_000088.4(COL1A1):c.1846G>A (p.Ala616Thr)	COL1A1	Ala616Thr	c.1846G>A	0
3013667	NM_000088.4(COL1A1):c.1836A>T (p.Lys612Asn)	COL1A1	Lys612Asn	c.1836A>T	0
2734252	NM_000088.4(COL1A1):c.1832G>A (p.Gly611Asp)	COL1A1	Gly611Asp	c.1832G>A	1
1004934	NM_000088.4(COL1A1):c.1828G>A (p.Ala610Thr)	COL1A1	Ala610Thr	c.1828G>A	0
2198576	NM_000088.4(COL1A1):c.1816G>A (p.Ala606Thr)	COL1A1	Ala606Thr	c.1816G>A	0
2071535	NM_000088.4(COL1A1):c.1811C>A (p.Pro604His)	COL1A1	Pro604His	c.1811C>A	0
2138074	NM_000088.4(COL1A1):c.1787G>C (p.Gly596Ala)	COL1A1	Gly596Ala	c.1787G>C	1
661227	NM_000088.4(COL1A1):c.1783G>T (p.Ala595Ser)	COL1A1	Ala595Ser	c.1783G>T	0
1433732	NM_000088.4(COL1A1):c.1778G>C (p.Gly593Ala)	COL1A1	Gly593Ala	c.1778G>C	1
17315	NM_000088.4(COL1A1):c.1777G>T (p.Gly593Cys)	COL1A1	Gly593Cys	c.1777G>T	1
3067896	NM_000088.4(COL1A1):c.1760G>C (p.Gly587Ala)	COL1A1	Gly587Ala	c.1760G>C	1
3382556	NM_000088.4(COL1A1):c.1742G>A (p.Gly581Glu)	COL1A1	Gly581Glu	c.1742G>A	1
850646	NM_000088.4(COL1A1):c.1732G>A (p.Gly578Ser)	COL1A1	Gly578Ser	c.1732G>A	1
811430	NM_000088.4(COL1A1):c.1715G>C (p.Gly572Ala)	COL1A1	Gly572Ala	c.1715G>C	1
17287	NM_000088.4(COL1A1):c.1705G>C (p.Gly569Arg)	COL1A1	Gly569Arg	c.1705G>C	1
574578	NM_000088.4(COL1A1):c.1693C>A (p.Pro565Thr)	COL1A1	Pro565Thr	c.1693C>A	0
2717998	NM_000088.4(COL1A1):c.1690C>T (p.Arg564Cys)	COL1A1	Arg564Cys	c.1690C>T	0
526860	NM_000088.4(COL1A1):c.1678G>T (p.Gly560Cys)	COL1A1	Gly560Cys	c.1678G>T	1
265433	NM_000088.4(COL1A1):c.1678G>A (p.Gly560Ser)	COL1A1	Gly560Ser	c.1678G>A	1
17329	NM_000088.4(COL1A1):c.1598G>A (p.Gly533Asp)	COL1A1	Gly533Asp	c.1598G>A	1
1420638	NM_000088.4(COL1A1):c.1588G>T (p.Gly530Cys)	COL1A1	Gly530Cys	c.1588G>T	1
17324	NM_000088.4(COL1A1):c.1588G>A (p.Gly530Ser)	COL1A1	Gly530Ser	c.1588G>A	1
3634728	NM_000088.4(COL1A1):c.1579G>A (p.Gly527Ser)	COL1A1	Gly527Ser	c.1579G>A	1
2848202	NM_000088.4(COL1A1):c.1546C>T (p.Pro516Ser)	COL1A1	Pro516Ser	c.1546C>T	0
35901	NM_000088.4(COL1A1):c.1544G>C (p.Gly515Ala)	COL1A1	Gly515Ala	c.1544G>C	1
2027793	NM_000088.4(COL1A1):c.1517G>A (p.Gly506Asp)	COL1A1	Gly506Asp	c.1517G>A	1
2419141	NM_000088.4(COL1A1):c.1508G>C (p.Gly503Ala)	COL1A1	Gly503Ala	c.1508G>C	1
1364729	NM_000088.4(COL1A1):c.1471G>A (p.Gly491Ser)	COL1A1	Gly491Ser	c.1471G>A	1
452610	NM_000088.4(COL1A1):c.1462G>A (p.Gly488Ser)	COL1A1	Gly488Ser	c.1462G>A	1
863945	NM_000088.4(COL1A1):c.1454G>C (p.Gly485Ala)	COL1A1	Gly485Ala	c.1454G>C	1
2715318	NM_000088.4(COL1A1):c.1453G>A (p.Gly485Ser)	COL1A1	Gly485Ser	c.1453G>A	1
1981682	NM_000088.4(COL1A1):c.1448C>A (p.Pro483His)	COL1A1	Pro483His	c.1448C>A	0
2094263	NM_000088.4(COL1A1):c.1444G>C (p.Gly482Arg)	COL1A1	Gly482Arg	c.1444G>C	1
1342741	NM_000088.4(COL1A1):c.1444G>A (p.Gly482Arg)	COL1A1	Gly482Arg	c.1444G>A	1
1803195	NM_000088.4(COL1A1):c.1427G>T (p.Gly476Val)	COL1A1	Gly476Val	c.1427G>T	1
2579137	NM_000088.4(COL1A1):c.1426G>A (p.Gly476Arg)	COL1A1	Gly476Arg	c.1426G>A	1
1438522	NM_000088.4(COL1A1):c.1412C>G (p.Ala471Gly)	COL1A1	Ala471Gly	c.1412C>G	0
2123349	NM_000088.4(COL1A1):c.1400G>C (p.Gly467Ala)	COL1A1	Gly467Ala	c.1400G>C	1
1678538	NM_000088.4(COL1A1):c.1399G>A (p.Gly467Arg)	COL1A1	Gly467Arg	c.1399G>A	1
3722875	NM_000088.4(COL1A1):c.1390G>A (p.Gly464Arg)	COL1A1	Gly464Arg	c.1390G>A	1
1979052	NM_000088.4(COL1A1):c.1375C>T (p.Pro459Ser)	COL1A1	Pro459Ser	c.1375C>T	0
3366885	NM_000088.4(COL1A1):c.1327G>A (p.Gly443Arg)	COL1A1	Gly443Arg	c.1327G>A	1
2884075	NM_000088.4(COL1A1):c.1310G>C (p.Gly437Ala)	COL1A1	Gly437Ala	c.1310G>C	1
863538	NM_000088.4(COL1A1):c.1301G>C (p.Gly434Ala)	COL1A1	Gly434Ala	c.1301G>C	1
17319	NM_000088.4(COL1A1):c.1301G>T (p.Gly434Val)	COL1A1	Gly434Val	c.1301G>T	1
1333627	NM_000088.4(COL1A1):c.1292G>T (p.Gly431Val)	COL1A1	Gly431Val	c.1292G>T	1
647159	NM_000088.4(COL1A1):c.1273G>A (p.Gly425Ser)	COL1A1	Gly425Ser	c.1273G>A	1
2183281	NM_000088.4(COL1A1):c.1268C>T (p.Pro423Leu)	COL1A1	Pro423Leu	c.1268C>T	0
993947	NM_000088.4(COL1A1):c.1247G>T (p.Gly416Val)	COL1A1	Gly416Val	c.1247G>T	1
431382	NM_000088.4(COL1A1):c.1247G>A (p.Gly416Asp)	COL1A1	Gly416Asp	c.1247G>A	1
689605	NM_000088.4(COL1A1):c.1241C>T (p.Ala414Val)	COL1A1	Ala414Val	c.1241C>T	0
567499	NM_000088.4(COL1A1):c.1237G>C (p.Gly413Arg)	COL1A1	Gly413Arg	c.1237G>C	1
35899	NM_000088.4(COL1A1):c.1235C>G (p.Pro412Arg)	COL1A1	Pro412Arg	c.1235C>G	1
2860970	NM_000088.4(COL1A1):c.1229G>C (p.Gly410Ala)	COL1A1	Gly410Ala	c.1229G>C	1
2736626	NM_000088.4(COL1A1):c.1228G>A (p.Gly410Ser)	COL1A1	Gly410Ser	c.1228G>A	1
3634729	NM_000088.4(COL1A1):c.1220G>A (p.Gly407Asp)	COL1A1	Gly407Asp	c.1220G>A	1
425596	NM_000088.4(COL1A1):c.1201G>A (p.Gly401Ser)	COL1A1	Gly401Ser	c.1201G>A	1
3722878	NM_000088.4(COL1A1):c.1193G>C (p.Gly398Ala)	COL1A1	Gly398Ala	c.1193G>C	1
664505	NM_000088.4(COL1A1):c.1192G>T (p.Gly398Cys)	COL1A1	Gly398Cys	c.1192G>T	1
2695001	NM_000088.4(COL1A1):c.1184G>C (p.Gly395Ala)	COL1A1	Gly395Ala	c.1184G>C	1
456729	NM_000088.4(COL1A1):c.1168G>A (p.Ala390Thr)	COL1A1	Ala390Thr	c.1168G>A	0
1704379	NM_000088.4(COL1A1):c.1156G>A (p.Gly386Arg)	COL1A1	Gly386Arg	c.1156G>A	1
2099098	NM_000088.4(COL1A1):c.1148G>C (p.Gly383Ala)	COL1A1	Gly383Ala	c.1148G>C	1
1396116	NM_000088.4(COL1A1):c.1139G>C (p.Gly380Ala)	COL1A1	Gly380Ala	c.1139G>C	1
639690	NM_000088.4(COL1A1):c.1138G>A (p.Gly380Ser)	COL1A1	Gly380Ser	c.1138G>A	1
447137	NM_000088.4(COL1A1):c.1121G>C (p.Gly374Ala)	COL1A1	Gly374Ala	c.1121G>C	1
870101	NM_000088.4(COL1A1):c.1112G>C (p.Gly371Ala)	COL1A1	Gly371Ala	c.1112G>C	1
526864	NM_000088.4(COL1A1):c.1111G>A (p.Gly371Ser)	COL1A1	Gly371Ser	c.1111G>A	1
456728	NM_000088.4(COL1A1):c.1103G>C (p.Gly368Ala)	COL1A1	Gly368Ala	c.1103G>C	1
1702091	NM_000088.4(COL1A1):c.1102G>T (p.Gly368Cys)	COL1A1	Gly368Cys	c.1102G>T	1
993627	NM_000088.4(COL1A1):c.1094G>T (p.Gly365Val)	COL1A1	Gly365Val	c.1094G>T	1
930902	NM_000088.4(COL1A1):c.1084G>A (p.Gly362Ser)	COL1A1	Gly362Ser	c.1084G>A	1
3635778	NM_000088.4(COL1A1):c.1081C>G (p.Arg361Gly)	COL1A1	Arg361Gly	c.1081C>G	0
17309	NM_000088.4(COL1A1):c.1066G>T (p.Gly356Cys)	COL1A1	Gly356Cys	c.1066G>T	1
2829583	NM_000088.4(COL1A1):c.1057G>C (p.Gly353Arg)	COL1A1	Gly353Arg	c.1057G>C	1
425592	NM_000088.4(COL1A1):c.1057G>A (p.Gly353Ser)	COL1A1	Gly353Ser	c.1057G>A	1
17286	NM_000088.4(COL1A1):c.1057G>T (p.Gly353Cys)	COL1A1	Gly353Cys	c.1057G>T	1
2628084	NM_000088.4(COL1A1):c.1049G>T (p.Gly350Val)	COL1A1	Gly350Val	c.1049G>T	1
2042730	NM_000088.4(COL1A1):c.1025C>T (p.Pro342Leu)	COL1A1	Pro342Leu	c.1025C>T	0
3722885	NM_000088.4(COL1A1):c.1021G>C (p.Gly341Arg)	COL1A1	Gly341Arg	c.1021G>C	1
35896	NM_000088.4(COL1A1):c.1021G>T (p.Gly341Cys)	COL1A1	Gly341Cys	c.1021G>T	1
456724	NM_000088.4(COL1A1):c.1012G>A (p.Gly338Ser)	COL1A1	Gly338Ser	c.1012G>A	1
3362885	NM_000088.4(COL1A1):c.1004G>C (p.Gly335Ala)	COL1A1	Gly335Ala	c.1004G>C	1
2501692	NM_000088.4(COL1A1):c.1004G>T (p.Gly335Val)	COL1A1	Gly335Val	c.1004G>T	1
983519	NM_000088.4(COL1A1):c.1004G>A (p.Gly335Asp)	COL1A1	Gly335Asp	c.1004G>A	1
1074717	NM_000088.4(COL1A1):c.1003G>A (p.Gly335Ser)	COL1A1	Gly335Ser	c.1003G>A	1
17312	NM_000088.4(COL1A1):c.994G>A (p.Gly332Arg)	COL1A1	Gly332Arg	c.994G>A	1
450546	NM_000088.4(COL1A1):c.985G>C (p.Gly329Arg)	COL1A1	Gly329Arg	c.985G>C	1
425642	NM_000088.4(COL1A1):c.977G>A (p.Gly326Asp)	COL1A1	Gly326Asp	c.977G>A	1
2847789	NM_000088.4(COL1A1):c.976G>A (p.Gly326Ser)	COL1A1	Gly326Ser	c.976G>A	1
1075143	NM_000088.4(COL1A1):c.976G>C (p.Gly326Arg)	COL1A1	Gly326Arg	c.976G>C	1
2736627	NM_000088.4(COL1A1):c.959G>T (p.Gly320Val)	COL1A1	Gly320Val	c.959G>T	1
194456	NM_000088.4(COL1A1):c.959G>A (p.Gly320Asp)	COL1A1	Gly320Asp	c.959G>A	1
1520772	NM_000088.4(COL1A1):c.958G>T (p.Gly320Cys)	COL1A1	Gly320Cys	c.958G>T	1
4075334	NM_000088.4(COL1A1):c.940G>A (p.Gly314Arg)	COL1A1	Gly314Arg	c.940G>A	1
17343	NM_000088.4(COL1A1):c.934C>T (p.Arg312Cys)	COL1A1	Arg312Cys	c.934C>T	1
3776259	NM_000088.4(COL1A1):c.932G>T (p.Gly311Val)	COL1A1	Gly311Val	c.932G>T	1
1410496	NM_000088.4(COL1A1):c.931G>C (p.Gly311Arg)	COL1A1	Gly311Arg	c.931G>C	1
1432099	NM_000088.4(COL1A1):c.913G>A (p.Gly305Ser)	COL1A1	Gly305Ser	c.913G>A	1
4075333	NM_000088.4(COL1A1):c.896G>T (p.Gly299Val)	COL1A1	Gly299Val	c.896G>T	1
590992	NM_000088.4(COL1A1):c.887G>C (p.Gly296Ala)	COL1A1	Gly296Ala	c.887G>C	1
2102018	NM_000088.4(COL1A1):c.886G>A (p.Gly296Arg)	COL1A1	Gly296Arg	c.886G>A	1
2917400	NM_000088.4(COL1A1):c.885T>A (p.Asn295Lys)	COL1A1	Asn295Lys	c.885T>A	0
3366886	NM_000088.4(COL1A1):c.877G>C (p.Gly293Arg)	COL1A1	Gly293Arg	c.877G>C	1
1452080	NM_000088.4(COL1A1):c.859G>A (p.Gly287Ser)	COL1A1	Gly287Ser	c.859G>A	1
2079492	NM_000088.4(COL1A1):c.851G>A (p.Gly284Asp)	COL1A1	Gly284Asp	c.851G>A	1
425640	NM_000088.4(COL1A1):c.851G>C (p.Gly284Ala)	COL1A1	Gly284Ala	c.851G>C	1
425590	NM_000088.4(COL1A1):c.841G>A (p.Gly281Ser)	COL1A1	Gly281Ser	c.841G>A	1
838613	NM_000088.4(COL1A1):c.835G>A (p.Asp279Asn)	COL1A1	Asp279Asn	c.835G>A	0
17284	NM_000088.4(COL1A1):c.824G>A (p.Gly275Asp)	COL1A1	Gly275Asp	c.824G>A	1
665914	NM_000088.4(COL1A1):c.823G>T (p.Gly275Cys)	COL1A1	Gly275Cys	c.823G>T	1
1071489	NM_000088.4(COL1A1):c.814G>A (p.Gly272Ser)	COL1A1	Gly272Ser	c.814G>A	1
17285	NM_000088.4(COL1A1):c.814G>T (p.Gly272Cys)	COL1A1	Gly272Cys	c.814G>T	1
1996639	NM_000088.4(COL1A1):c.806G>A (p.Gly269Asp)	COL1A1	Gly269Asp	c.806G>A	1
1803788	NM_000088.4(COL1A1):c.806G>C (p.Gly269Ala)	COL1A1	Gly269Ala	c.806G>C	1
526863	NM_000088.4(COL1A1):c.805G>C (p.Gly269Arg)	COL1A1	Gly269Arg	c.805G>C	1
35929	NM_000088.4(COL1A1):c.805G>A (p.Gly269Ser)	COL1A1	Gly269Ser	c.805G>A	1
1456151	NM_000088.4(COL1A1):c.796G>A (p.Gly266Arg)	COL1A1	Gly266Arg	c.796G>A	1
456797	NM_000088.4(COL1A1):c.796G>C (p.Gly266Arg)	COL1A1	Gly266Arg	c.796G>C	1
1368256	NM_000088.4(COL1A1):c.788G>A (p.Gly263Glu)	COL1A1	Gly263Glu	c.788G>A	1
17316	NM_000088.4(COL1A1):c.787G>A (p.Gly263Arg)	COL1A1	Gly263Arg	c.787G>A	1
1382447	NM_000088.4(COL1A1):c.779G>A (p.Gly260Asp)	COL1A1	Gly260Asp	c.779G>A	1
664182	NM_000088.4(COL1A1):c.779G>T (p.Gly260Val)	COL1A1	Gly260Val	c.779G>T	1
456796	NM_000088.4(COL1A1):c.770G>A (p.Gly257Glu)	COL1A1	Gly257Glu	c.770G>A	1
1451481	NM_000088.4(COL1A1):c.769G>C (p.Gly257Arg)	COL1A1	Gly257Arg	c.769G>C	1
425639	NM_000088.4(COL1A1):c.769G>A (p.Gly257Arg)	COL1A1	Gly257Arg	c.769G>A	1
3253125	NM_000088.4(COL1A1):c.761G>T (p.Gly254Val)	COL1A1	Gly254Val	c.761G>T	1
17349	NM_000088.4(COL1A1):c.761G>A (p.Gly254Glu)	COL1A1	Gly254Glu	c.761G>A	1
3722888	NM_000088.4(COL1A1):c.760G>A (p.Gly254Arg)	COL1A1	Gly254Arg	c.760G>A	1
425638	NM_000088.4(COL1A1):c.752G>A (p.Gly251Asp)	COL1A1	Gly251Asp	c.752G>A	1
3634731	NM_000088.4(COL1A1):c.734G>T (p.Gly245Val)	COL1A1	Gly245Val	c.734G>T	1
4279083	NM_000088.4(COL1A1):c.733G>A (p.Gly245Arg)	COL1A1	Gly245Arg	c.733G>A	1
691325	NM_000088.4(COL1A1):c.733G>T (p.Gly245Trp)	COL1A1	Gly245Trp	c.733G>T	1
803437	NM_000088.4(COL1A1):c.725G>T (p.Gly242Val)	COL1A1	Gly242Val	c.725G>T	1
3607458	NM_000088.4(COL1A1):c.698G>C (p.Gly233Ala)	COL1A1	Gly233Ala	c.698G>C	1
1488562	NM_000088.4(COL1A1):c.698G>A (p.Gly233Glu)	COL1A1	Gly233Glu	c.698G>A	1
1527919	NM_000088.4(COL1A1):c.680G>A (p.Gly227Glu)	COL1A1	Gly227Glu	c.680G>A	1
575472	NM_000088.4(COL1A1):c.679G>A (p.Gly227Arg)	COL1A1	Gly227Arg	c.679G>A	1
2131240	NM_000088.4(COL1A1):c.671G>C (p.Gly224Ala)	COL1A1	Gly224Ala	c.671G>C	1
451155	NM_000088.4(COL1A1):c.671G>T (p.Gly224Val)	COL1A1	Gly224Val	c.671G>T	1
2435758	NM_000088.4(COL1A1):c.670G>A (p.Gly224Ser)	COL1A1	Gly224Ser	c.670G>A	1
2138081	NM_000088.4(COL1A1):c.670G>T (p.Gly224Cys)	COL1A1	Gly224Cys	c.670G>T	1
664753	NM_000088.4(COL1A1):c.661G>A (p.Gly221Ser)	COL1A1	Gly221Ser	c.661G>A	1
17320	NM_000088.4(COL1A1):c.661G>T (p.Gly221Cys)	COL1A1	Gly221Cys	c.661G>T	1
2851572	NM_000088.4(COL1A1):c.659G>A (p.Arg220Gln)	COL1A1	Arg220Gln	c.659G>A	0
568877	NM_000088.4(COL1A1):c.655C>T (p.Pro219Ser)	COL1A1	Pro219Ser	c.655C>T	0
2159545	NM_000088.4(COL1A1):c.653G>T (p.Gly218Val)	COL1A1	Gly218Val	c.653G>T	1
1458042	NM_000088.4(COL1A1):c.652G>C (p.Gly218Arg)	COL1A1	Gly218Arg	c.652G>C	1
1442398	NM_000088.4(COL1A1):c.652G>T (p.Gly218Cys)	COL1A1	Gly218Cys	c.652G>T	1
3382832	NM_000088.4(COL1A1):c.644G>A (p.Gly215Asp)	COL1A1	Gly215Asp	c.644G>A	1
1029482	NM_000088.4(COL1A1):c.644G>T (p.Gly215Val)	COL1A1	Gly215Val	c.644G>T	1
3382929	NM_000088.4(COL1A1):c.635G>A (p.Gly212Glu)	COL1A1	Gly212Glu	c.635G>A	1
2138082	NM_000088.4(COL1A1):c.634G>A (p.Gly212Arg)	COL1A1	Gly212Arg	c.634G>A	1
1438321	NM_000088.4(COL1A1):c.632C>T (p.Pro211Leu)	COL1A1	Pro211Leu	c.632C>T	0
1400279	NM_000088.4(COL1A1):c.626G>A (p.Gly209Asp)	COL1A1	Gly209Asp	c.626G>A	1
944135	NM_000088.4(COL1A1):c.626G>C (p.Gly209Ala)	COL1A1	Gly209Ala	c.626G>C	1
1469275	NM_000088.4(COL1A1):c.625G>A (p.Gly209Ser)	COL1A1	Gly209Ser	c.625G>A	1
2179630	NM_000088.4(COL1A1):c.622C>G (p.Pro208Ala)	COL1A1	Pro208Ala	c.622C>G	0
691329	NM_000088.4(COL1A1):c.617G>T (p.Gly206Val)	COL1A1	Gly206Val	c.617G>T	1
1722498	NM_000088.4(COL1A1):c.608G>C (p.Gly203Ala)	COL1A1	Gly203Ala	c.608G>C	1
1685271	NM_000088.4(COL1A1):c.608G>A (p.Gly203Asp)	COL1A1	Gly203Asp	c.608G>A	1
456792	NM_000088.4(COL1A1):c.608G>T (p.Gly203Val)	COL1A1	Gly203Val	c.608G>T	1
1355589	NM_000088.4(COL1A1):c.607G>C (p.Gly203Arg)	COL1A1	Gly203Arg	c.607G>C	1
859390	NM_000088.4(COL1A1):c.607G>A (p.Gly203Ser)	COL1A1	Gly203Ser	c.607G>A	1
3634732	NM_000088.4(COL1A1):c.599G>A (p.Gly200Asp)	COL1A1	Gly200Asp	c.599G>A	1
526854	NM_000088.4(COL1A1):c.599G>T (p.Gly200Val)	COL1A1	Gly200Val	c.599G>T	1
2780397	NM_000088.4(COL1A1):c.598G>A (p.Gly200Ser)	COL1A1	Gly200Ser	c.598G>A	1
3899265	NM_000088.4(COL1A1):c.590G>A (p.Gly197Asp)	COL1A1	Gly197Asp	c.590G>A	1
2419143	NM_000088.4(COL1A1):c.590G>C (p.Gly197Ala)	COL1A1	Gly197Ala	c.590G>C	1
1339103	NM_000088.4(COL1A1):c.590G>T (p.Gly197Val)	COL1A1	Gly197Val	c.590G>T	1
4057236	NM_000088.4(COL1A1):c.589G>C (p.Gly197Arg)	COL1A1	Gly197Arg	c.589G>C	1
425635	NM_000088.4(COL1A1):c.589G>T (p.Gly197Cys)	COL1A1	Gly197Cys	c.589G>T	1
3634733	NM_000088.4(COL1A1):c.581G>T (p.Gly194Val)	COL1A1	Gly194Val	c.581G>T	1
3634734	NM_000088.4(COL1A1):c.580G>T (p.Gly194Cys)	COL1A1	Gly194Cys	c.580G>T	1
1701982	NM_000088.4(COL1A1):c.580G>C (p.Gly194Arg)	COL1A1	Gly194Arg	c.580G>C	1
870140	NM_000088.4(COL1A1):c.572G>T (p.Gly191Val)	COL1A1	Gly191Val	c.572G>T	1
17348	NM_000088.4(COL1A1):c.572G>A (p.Gly191Asp)	COL1A1	Gly191Asp	c.572G>A	1
17334	NM_000088.4(COL1A1):c.572G>C (p.Gly191Ala)	COL1A1	Gly191Ala	c.572G>C	1
575257	NM_000088.4(COL1A1):c.571G>A (p.Gly191Ser)	COL1A1	Gly191Ser	c.571G>A	1
425634	NM_000088.4(COL1A1):c.563G>A (p.Gly188Asp)	COL1A1	Gly188Asp	c.563G>A	1
3634735	NM_000088.4(COL1A1):c.562G>A (p.Gly188Ser)	COL1A1	Gly188Ser	c.562G>A	1
1992427	NM_000088.4(COL1A1):c.562G>T (p.Gly188Cys)	COL1A1	Gly188Cys	c.562G>T	1
2892921	NM_000088.4(COL1A1):c.560G>A (p.Arg187His)	COL1A1	Arg187His	c.560G>A	0
2744139	NM_000088.4(COL1A1):c.545G>T (p.Gly182Val)	COL1A1	Gly182Val	c.545G>T	1
2844235	NM_000088.4(COL1A1):c.544G>T (p.Gly182Cys)	COL1A1	Gly182Cys	c.544G>T	1
2834310	NM_000088.4(COL1A1):c.543G>T (p.Met181Ile)	COL1A1	Met181Ile	c.543G>T	1
17311	NM_000088.4(COL1A1):c.543G>A (p.Met181Ile)	COL1A1	Met181Ile	c.543G>A	1
845031	NM_000088.4(COL1A1):c.504T>G (p.Asp168Glu)	COL1A1	Asp168Glu	c.504T>G	0
1015992	NM_000088.4(COL1A1):c.481C>T (p.Pro161Ser)	COL1A1	Pro161Ser	c.481C>T	0
3634737	NM_000088.4(COL1A1):c.425G>A (p.Gly142Glu)	COL1A1	Gly142Glu	c.425G>A	1
2814222	NM_000088.4(COL1A1):c.356C>G (p.Pro119Arg)	COL1A1	Pro119Arg	c.356C>G	0
2073530	NM_000088.4(COL1A1):c.344G>A (p.Gly115Glu)	COL1A1	Gly115Glu	c.344G>A	0
1204548	NM_000088.4(COL1A1):c.323C>T (p.Thr108Ile)	COL1A1	Thr108Ile	c.323C>T	0
3668703	NM_000088.4(COL1A1):c.280G>A (p.Val94Ile)	COL1A1	Val94Ile	c.280G>A	0
1025267	NM_000088.4(COL1A1):c.247G>A (p.Gly83Ser)	COL1A1	Gly83Ser	c.247G>A	0
3707883	NM_000088.4(COL1A1):c.215A>G (p.Asp72Gly)	COL1A1	Asp72Gly	c.215A>G	0
1395929	NM_000088.4(COL1A1):c.183C>G (p.Cys61Trp)	COL1A1	Cys61Trp	c.183C>G	1
4294360	NM_000088.4(COL1A1):c.182G>A (p.Cys61Tyr)	COL1A1	Cys61Tyr	c.182G>A	1
3712889	NM_000088.4(COL1A1):c.169C>A (p.Pro57Thr)	COL1A1	Pro57Thr	c.169C>A	0
2759720	NM_000088.4(COL1A1):c.169C>G (p.Pro57Ala)	COL1A1	Pro57Ala	c.169C>G	0
862424	NM_000088.4(COL1A1):c.143A>G (p.His48Arg)	COL1A1	His48Arg	c.143A>G	0
526876	NM_000088.4(COL1A1):c.126G>C (p.Gln42His)	COL1A1	Gln42His	c.126G>C	0
996641	NM_000088.4(COL1A1):c.64G>C (p.Gly22Arg)	COL1A1	Gly22Arg	c.64G>C	1
456832	NM_000089.4(COL1A2):c.52T>G (p.Cys18Gly)	COL1A2	Cys18Gly	c.52T>G	0
360944	NM_000089.4(COL1A2):c.122G>A (p.Arg41His)	COL1A2	Arg41His	c.122G>A	0
3366899	NM_000089.4(COL1A2):c.242A>G (p.Tyr81Cys)	COL1A2	Tyr81Cys	c.242A>G	1
456826	NM_000089.4(COL1A2):c.279G>A (p.Met93Ile)	COL1A2	Met93Ile	c.279G>A	1
2007447	NM_000089.4(COL1A2):c.280G>A (p.Gly94Ser)	COL1A2	Gly94Ser	c.280G>A	1
526897	NM_000089.4(COL1A2):c.298G>A (p.Gly100Ser)	COL1A2	Gly100Ser	c.298G>A	1
3064106	NM_000089.4(COL1A2):c.299G>A (p.Gly100Asp)	COL1A2	Gly100Asp	c.299G>A	1
661951	NM_000089.4(COL1A2):c.299G>T (p.Gly100Val)	COL1A2	Gly100Val	c.299G>T	1
2944354	NM_000089.4(COL1A2):c.308G>A (p.Gly103Asp)	COL1A2	Gly103Asp	c.308G>A	1
1067625	NM_000089.4(COL1A2):c.317G>A (p.Gly106Glu)	COL1A2	Gly106Glu	c.317G>A	1
2950794	NM_000089.4(COL1A2):c.325G>C (p.Gly109Arg)	COL1A2	Gly109Arg	c.325G>C	1
1184445	NM_000089.4(COL1A2):c.326G>T (p.Gly109Val)	COL1A2	Gly109Val	c.326G>T	1
425658	NM_000089.4(COL1A2):c.326G>A (p.Gly109Asp)	COL1A2	Gly109Asp	c.326G>A	1
456830	NM_000089.4(COL1A2):c.334G>A (p.Gly112Ser)	COL1A2	Gly112Ser	c.334G>A	1
2662592	NM_000089.4(COL1A2):c.335G>T (p.Gly112Val)	COL1A2	Gly112Val	c.335G>T	1
839286	NM_000089.4(COL1A2):c.335G>A (p.Gly112Asp)	COL1A2	Gly112Asp	c.335G>A	1
934132	NM_000089.4(COL1A2):c.343G>A (p.Gly115Arg)	COL1A2	Gly115Arg	c.343G>A	1
2136557	NM_000089.4(COL1A2):c.353G>A (p.Gly118Asp)	COL1A2	Gly118Asp	c.353G>A	1
839226	NM_000089.4(COL1A2):c.353G>T (p.Gly118Val)	COL1A2	Gly118Val	c.353G>T	1
1457012	NM_000089.4(COL1A2):c.362G>A (p.Gly121Asp)	COL1A2	Gly121Asp	c.362G>A	1
585504	NM_000089.4(COL1A2):c.389G>T (p.Gly130Val)	COL1A2	Gly130Val	c.389G>T	1
456836	NM_000089.4(COL1A2):c.389G>A (p.Gly130Asp)	COL1A2	Gly130Asp	c.389G>A	1
571134	NM_000089.4(COL1A2):c.398G>T (p.Gly133Val)	COL1A2	Gly133Val	c.398G>T	1
393233	NM_000089.4(COL1A2):c.407G>A (p.Gly136Asp)	COL1A2	Gly136Asp	c.407G>A	1
2066376	NM_000089.4(COL1A2):c.424G>A (p.Gly142Ser)	COL1A2	Gly142Ser	c.424G>A	1
691338	NM_000089.4(COL1A2):c.431A>G (p.Asp144Gly)	COL1A2	Asp144Gly	c.431A>G	1
2033473	NM_000089.4(COL1A2):c.434G>A (p.Gly145Asp)	COL1A2	Gly145Asp	c.434G>A	1
2152136	NM_000089.4(COL1A2):c.451G>A (p.Gly151Arg)	COL1A2	Gly151Arg	c.451G>A	1
3762104	NM_000089.4(COL1A2):c.478G>C (p.Gly160Arg)	COL1A2	Gly160Arg	c.478G>C	1
2925401	NM_000089.4(COL1A2):c.478G>A (p.Gly160Arg)	COL1A2	Gly160Arg	c.478G>A	1
2930905	NM_000089.4(COL1A2):c.488G>T (p.Gly163Val)	COL1A2	Gly163Val	c.488G>T	1
4075356	NM_000089.4(COL1A2):c.497G>T (p.Gly166Val)	COL1A2	Gly166Val	c.497G>T	1
1498266	NM_000089.4(COL1A2):c.505G>A (p.Gly169Arg)	COL1A2	Gly169Arg	c.505G>A	1
1475166	NM_000089.4(COL1A2):c.515G>T (p.Gly172Val)	COL1A2	Gly172Val	c.515G>T	1
848872	NM_000089.4(COL1A2):c.541G>A (p.Gly181Arg)	COL1A2	Gly181Arg	c.541G>A	1
2921806	NM_000089.4(COL1A2):c.542G>A (p.Gly181Glu)	COL1A2	Gly181Glu	c.542G>A	1
931954	NM_000089.4(COL1A2):c.551G>A (p.Gly184Asp)	COL1A2	Gly184Asp	c.551G>A	1
4075357	NM_000089.4(COL1A2):c.568G>A (p.Gly190Arg)	COL1A2	Gly190Arg	c.568G>A	1
2925402	NM_000089.4(COL1A2):c.569G>T (p.Gly190Val)	COL1A2	Gly190Val	c.569G>T	1
624286	NM_000089.4(COL1A2):c.569G>A (p.Gly190Glu)	COL1A2	Gly190Glu	c.569G>A	1
4075358	NM_000089.4(COL1A2):c.577G>T (p.Gly193Cys)	COL1A2	Gly193Cys	c.577G>T	1
2136559	NM_000089.4(COL1A2):c.577G>C (p.Gly193Arg)	COL1A2	Gly193Arg	c.577G>C	1
265387	NM_000089.4(COL1A2):c.577G>A (p.Gly193Ser)	COL1A2	Gly193Ser	c.577G>A	1
1993479	NM_000089.4(COL1A2):c.586G>C (p.Gly196Arg)	COL1A2	Gly196Arg	c.586G>C	1
650767	NM_000089.4(COL1A2):c.586G>A (p.Gly196Ser)	COL1A2	Gly196Ser	c.586G>A	1
372734	NM_000089.4(COL1A2):c.586G>T (p.Gly196Cys)	COL1A2	Gly196Cys	c.586G>T	1
2925403	NM_000089.4(COL1A2):c.587G>A (p.Gly196Asp)	COL1A2	Gly196Asp	c.587G>A	1
2136560	NM_000089.4(COL1A2):c.587G>T (p.Gly196Val)	COL1A2	Gly196Val	c.587G>T	1
3759113	NM_000089.4(COL1A2):c.595G>C (p.Gly199Arg)	COL1A2	Gly199Arg	c.595G>C	1
496615	NM_000089.4(COL1A2):c.596G>A (p.Gly199Asp)	COL1A2	Gly199Asp	c.596G>A	1
1029637	NM_000089.4(COL1A2):c.604G>A (p.Gly202Ser)	COL1A2	Gly202Ser	c.604G>A	1
1473887	NM_000089.4(COL1A2):c.605G>T (p.Gly202Val)	COL1A2	Gly202Val	c.605G>T	1
1457014	NM_000089.4(COL1A2):c.605G>A (p.Gly202Asp)	COL1A2	Gly202Asp	c.605G>A	1
2683900	NM_000089.4(COL1A2):c.614G>A (p.Gly205Asp)	COL1A2	Gly205Asp	c.614G>A	1
1895505	NM_000089.4(COL1A2):c.614G>C (p.Gly205Ala)	COL1A2	Gly205Ala	c.614G>C	1
1459490	NM_000089.4(COL1A2):c.632G>A (p.Gly211Asp)	COL1A2	Gly211Asp	c.632G>A	1
2935057	NM_000089.4(COL1A2):c.659G>A (p.Gly220Asp)	COL1A2	Gly220Asp	c.659G>A	1
35955	NM_000089.4(COL1A2):c.677G>A (p.Gly226Asp)	COL1A2	Gly226Asp	c.677G>A	1
679609	NM_000089.4(COL1A2):c.679G>A (p.Ala227Thr)	COL1A2	Ala227Thr	c.679G>A	0
2941684	NM_000089.4(COL1A2):c.685G>A (p.Gly229Ser)	COL1A2	Gly229Ser	c.685G>A	1
4075359	NM_000089.4(COL1A2):c.686G>A (p.Gly229Asp)	COL1A2	Gly229Asp	c.686G>A	1
2922640	NM_000089.4(COL1A2):c.704G>A (p.Gly235Asp)	COL1A2	Gly235Asp	c.704G>A	1
2027820	NM_000089.4(COL1A2):c.712G>A (p.Gly238Arg)	COL1A2	Gly238Arg	c.712G>A	1
1701999	NM_000089.4(COL1A2):c.713G>T (p.Gly238Val)	COL1A2	Gly238Val	c.713G>T	1
1067027	NM_000089.4(COL1A2):c.731G>T (p.Gly244Val)	COL1A2	Gly244Val	c.731G>T	1
648577	NM_000089.4(COL1A2):c.731G>A (p.Gly244Asp)	COL1A2	Gly244Asp	c.731G>A	1
2925405	NM_000089.4(COL1A2):c.739G>C (p.Gly247Arg)	COL1A2	Gly247Arg	c.739G>C	1
2682437	NM_000089.4(COL1A2):c.739G>A (p.Gly247Ser)	COL1A2	Gly247Ser	c.739G>A	1
419709	NM_000089.4(COL1A2):c.739G>T (p.Gly247Cys)	COL1A2	Gly247Cys	c.739G>T	1
4075361	NM_000089.4(COL1A2):c.740G>A (p.Gly247Asp)	COL1A2	Gly247Asp	c.740G>A	1
566379	NM_000089.4(COL1A2):c.749G>T (p.Gly250Val)	COL1A2	Gly250Val	c.749G>T	1
872906	NM_000089.4(COL1A2):c.752C>T (p.Ser251Phe)	COL1A2	Ser251Phe	c.752C>T	1
4075362	NM_000089.4(COL1A2):c.758G>A (p.Gly253Asp)	COL1A2	Gly253Asp	c.758G>A	1
872907	NM_000089.4(COL1A2):c.758G>T (p.Gly253Val)	COL1A2	Gly253Val	c.758G>T	1
3761001	NM_000089.4(COL1A2):c.766G>A (p.Gly256Ser)	COL1A2	Gly256Ser	c.766G>A	1
950807	NM_000089.4(COL1A2):c.767G>A (p.Gly256Asp)	COL1A2	Gly256Asp	c.767G>A	1
439504	NM_000089.4(COL1A2):c.767G>T (p.Gly256Val)	COL1A2	Gly256Val	c.767G>T	1
17247	NM_000089.4(COL1A2):c.775G>T (p.Gly259Cys)	COL1A2	Gly259Cys	c.775G>T	1
1029638	NM_000089.4(COL1A2):c.776G>A (p.Gly259Asp)	COL1A2	Gly259Asp	c.776G>A	1
456844	NM_000089.4(COL1A2):c.784G>C (p.Gly262Arg)	COL1A2	Gly262Arg	c.784G>C	1
916359	NM_000089.4(COL1A2):c.785G>A (p.Gly262Asp)	COL1A2	Gly262Asp	c.785G>A	1
1518853	NM_000089.4(COL1A2):c.792G>C (p.Lys264Asn)	COL1A2	Lys264Asn	c.792G>C	1
425660	NM_000089.4(COL1A2):c.793G>C (p.Gly265Arg)	COL1A2	Gly265Arg	c.793G>C	1
1457226	NM_000089.4(COL1A2):c.794G>T (p.Gly265Val)	COL1A2	Gly265Val	c.794G>T	1
425661	NM_000089.4(COL1A2):c.794G>A (p.Gly265Asp)	COL1A2	Gly265Asp	c.794G>A	1
691337	NM_000089.4(COL1A2):c.802G>A (p.Gly268Arg)	COL1A2	Gly268Arg	c.802G>A	1
284986	NM_000089.4(COL1A2):c.808G>A (p.Val270Ile)	COL1A2	Val270Ile	c.808G>A	0
2503333	NM_000089.4(COL1A2):c.812G>A (p.Gly271Asp)	COL1A2	Gly271Asp	c.812G>A	1
4075363	NM_000089.4(COL1A2):c.820G>C (p.Gly274Arg)	COL1A2	Gly274Arg	c.820G>C	1
2571594	NM_000089.4(COL1A2):c.821G>T (p.Gly274Val)	COL1A2	Gly274Val	c.821G>T	1
1071305	NM_000089.4(COL1A2):c.821G>A (p.Gly274Asp)	COL1A2	Gly274Asp	c.821G>A	1
1349117	NM_000089.4(COL1A2):c.830G>C (p.Gly277Ala)	COL1A2	Gly277Ala	c.830G>C	1
967753	NM_000089.4(COL1A2):c.830G>T (p.Gly277Val)	COL1A2	Gly277Val	c.830G>T	1
1708366	NM_000089.4(COL1A2):c.838G>T (p.Gly280Cys)	COL1A2	Gly280Cys	c.838G>T	1
35957	NM_000089.4(COL1A2):c.838G>A (p.Gly280Ser)	COL1A2	Gly280Ser	c.838G>A	1
1899269	NM_000089.4(COL1A2):c.839G>C (p.Gly280Ala)	COL1A2	Gly280Ala	c.839G>C	1
4075364	NM_000089.4(COL1A2):c.847G>T (p.Gly283Cys)	COL1A2	Gly283Cys	c.847G>T	1
2035312	NM_000089.4(COL1A2):c.856G>T (p.Gly286Cys)	COL1A2	Gly286Cys	c.856G>T	1
425662	NM_000089.4(COL1A2):c.856G>A (p.Gly286Ser)	COL1A2	Gly286Ser	c.856G>A	1
1071306	NM_000089.4(COL1A2):c.857G>C (p.Gly286Ala)	COL1A2	Gly286Ala	c.857G>C	1
1683639	NM_000089.4(COL1A2):c.874G>T (p.Gly292Cys)	COL1A2	Gly292Cys	c.874G>T	1
451413	NM_000089.4(COL1A2):c.874G>C (p.Gly292Arg)	COL1A2	Gly292Arg	c.874G>C	1
425663	NM_000089.4(COL1A2):c.874G>A (p.Gly292Ser)	COL1A2	Gly292Ser	c.874G>A	1
691334	NM_000089.4(COL1A2):c.875G>A (p.Gly292Asp)	COL1A2	Gly292Asp	c.875G>A	1
430639	NM_000089.4(COL1A2):c.875G>T (p.Gly292Val)	COL1A2	Gly292Val	c.875G>T	1
4075365	NM_000089.4(COL1A2):c.892G>T (p.Gly298Cys)	COL1A2	Gly298Cys	c.892G>T	1
691333	NM_000089.4(COL1A2):c.892G>A (p.Gly298Ser)	COL1A2	Gly298Ser	c.892G>A	1
2950227	NM_000089.4(COL1A2):c.893G>T (p.Gly298Val)	COL1A2	Gly298Val	c.893G>T	1
1456408	NM_000089.4(COL1A2):c.901G>A (p.Gly301Arg)	COL1A2	Gly301Arg	c.901G>A	1
870113	NM_000089.4(COL1A2):c.910G>A (p.Gly304Ser)	COL1A2	Gly304Ser	c.910G>A	1
4075366	NM_000089.4(COL1A2):c.911G>T (p.Gly304Val)	COL1A2	Gly304Val	c.911G>T	1
456845	NM_000089.4(COL1A2):c.920G>A (p.Gly307Asp)	COL1A2	Gly307Asp	c.920G>A	1
3759116	NM_000089.4(COL1A2):c.928G>C (p.Gly310Arg)	COL1A2	Gly310Arg	c.928G>C	1
3252038	NM_000089.4(COL1A2):c.928G>A (p.Gly310Ser)	COL1A2	Gly310Ser	c.928G>A	1
2023468	NM_000089.4(COL1A2):c.929G>T (p.Gly310Val)	COL1A2	Gly310Val	c.929G>T	1
2925406	NM_000089.4(COL1A2):c.937G>T (p.Gly313Cys)	COL1A2	Gly313Cys	c.937G>T	1
456846	NM_000089.4(COL1A2):c.946G>A (p.Gly316Ser)	COL1A2	Gly316Ser	c.946G>A	1
3759117	NM_000089.4(COL1A2):c.955G>A (p.Gly319Arg)	COL1A2	Gly319Arg	c.955G>A	1
447156	NM_000089.4(COL1A2):c.956G>A (p.Gly319Glu)	COL1A2	Gly319Glu	c.956G>A	1
618023	NM_000089.4(COL1A2):c.964G>A (p.Gly322Ser)	COL1A2	Gly322Ser	c.964G>A	1
2439316	NM_000089.4(COL1A2):c.973G>C (p.Gly325Arg)	COL1A2	Gly325Arg	c.973G>C	1
1994577	NM_000089.4(COL1A2):c.974G>T (p.Gly325Val)	COL1A2	Gly325Val	c.974G>T	1
456848	NM_000089.4(COL1A2):c.982G>A (p.Gly328Ser)	COL1A2	Gly328Ser	c.982G>A	1
2946398	NM_000089.4(COL1A2):c.991G>A (p.Gly331Ser)	COL1A2	Gly331Ser	c.991G>A	1
425664	NM_000089.4(COL1A2):c.992G>A (p.Gly331Asp)	COL1A2	Gly331Asp	c.992G>A	1
691335	NM_000089.4(COL1A2):c.1001G>A (p.Gly334Asp)	COL1A2	Gly334Asp	c.1001G>A	1
2136562	NM_000089.4(COL1A2):c.1009G>T (p.Gly337Cys)	COL1A2	Gly337Cys	c.1009G>T	1
425643	NM_000089.4(COL1A2):c.1009G>A (p.Gly337Ser)	COL1A2	Gly337Ser	c.1009G>A	1
2047849	NM_000089.4(COL1A2):c.1010G>T (p.Gly337Val)	COL1A2	Gly337Val	c.1010G>T	1
1415383	NM_000089.4(COL1A2):c.1010G>C (p.Gly337Ala)	COL1A2	Gly337Ala	c.1010G>C	1
1709942	NM_000089.4(COL1A2):c.1018G>C (p.Gly340Arg)	COL1A2	Gly340Arg	c.1018G>C	1
1683593	NM_000089.4(COL1A2):c.1018G>A (p.Gly340Ser)	COL1A2	Gly340Ser	c.1018G>A	1
4075335	NM_000089.4(COL1A2):c.1019G>C (p.Gly340Ala)	COL1A2	Gly340Ala	c.1019G>C	1
2628085	NM_000089.4(COL1A2):c.1028G>A (p.Gly343Glu)	COL1A2	Gly343Glu	c.1028G>A	1
1389787	NM_000089.4(COL1A2):c.1045G>C (p.Gly349Arg)	COL1A2	Gly349Arg	c.1045G>C	1
1071307	NM_000089.4(COL1A2):c.1045G>A (p.Gly349Ser)	COL1A2	Gly349Ser	c.1045G>A	1
526898	NM_000089.4(COL1A2):c.1045G>T (p.Gly349Cys)	COL1A2	Gly349Cys	c.1045G>T	1
423428	NM_000089.4(COL1A2):c.1054G>A (p.Gly352Ser)	COL1A2	Gly352Ser	c.1054G>A	1
456802	NM_000089.4(COL1A2):c.1072G>A (p.Gly358Ser)	COL1A2	Gly358Ser	c.1072G>A	1
4075336	NM_000089.4(COL1A2):c.1081G>C (p.Gly361Arg)	COL1A2	Gly361Arg	c.1081G>C	1
870114	NM_000089.4(COL1A2):c.1081G>T (p.Gly361Cys)	COL1A2	Gly361Cys	c.1081G>T	1
2022871	NM_000089.4(COL1A2):c.1099G>A (p.Gly367Arg)	COL1A2	Gly367Arg	c.1099G>A	1
17272	NM_000089.4(COL1A2):c.1099G>T (p.Gly367Trp)	COL1A2	Gly367Trp	c.1099G>T	1
4075337	NM_000089.4(COL1A2):c.1108G>A (p.Gly370Ser)	COL1A2	Gly370Ser	c.1108G>A	1
451709	NM_000089.4(COL1A2):c.1109G>T (p.Gly370Val)	COL1A2	Gly370Val	c.1109G>T	1
579070	NM_000089.4(COL1A2):c.1127G>T (p.Gly376Val)	COL1A2	Gly376Val	c.1127G>T	1
3756077	NM_000089.4(COL1A2):c.1136G>T (p.Gly379Val)	COL1A2	Gly379Val	c.1136G>T	1
426918	NM_000089.4(COL1A2):c.1136G>A (p.Gly379Glu)	COL1A2	Gly379Glu	c.1136G>A	1
17278	NM_000089.4(COL1A2):c.1136G>C (p.Gly379Ala)	COL1A2	Gly379Ala	c.1136G>C	1
1446660	NM_000089.4(COL1A2):c.1144G>A (p.Gly382Ser)	COL1A2	Gly382Ser	c.1144G>A	1
4075338	NM_000089.4(COL1A2):c.1145G>A (p.Gly382Asp)	COL1A2	Gly382Asp	c.1145G>A	1
2007264	NM_000089.4(COL1A2):c.1153G>C (p.Gly385Arg)	COL1A2	Gly385Arg	c.1153G>C	1
2925407	NM_000089.4(COL1A2):c.1154G>A (p.Gly385Glu)	COL1A2	Gly385Glu	c.1154G>A	1
4075339	NM_000089.4(COL1A2):c.1162G>A (p.Gly388Arg)	COL1A2	Gly388Arg	c.1162G>A	1
425644	NM_000089.4(COL1A2):c.1162G>C (p.Gly388Arg)	COL1A2	Gly388Arg	c.1162G>C	1
1320217	NM_000089.4(COL1A2):c.1163G>T (p.Gly388Val)	COL1A2	Gly388Val	c.1163G>T	1
1687533	NM_000089.4(COL1A2):c.1171G>C (p.Gly391Arg)	COL1A2	Gly391Arg	c.1171G>C	1
950425	NM_000089.4(COL1A2):c.1171G>T (p.Gly391Cys)	COL1A2	Gly391Cys	c.1171G>T	1
425645	NM_000089.4(COL1A2):c.1171G>A (p.Gly391Ser)	COL1A2	Gly391Ser	c.1171G>A	1
1723615	NM_000089.4(COL1A2):c.1199G>A (p.Gly400Asp)	COL1A2	Gly400Asp	c.1199G>A	1
3338018	NM_000089.4(COL1A2):c.1207G>T (p.Gly403Cys)	COL1A2	Gly403Cys	c.1207G>T	1
1685648	NM_000089.4(COL1A2):c.1207G>C (p.Gly403Arg)	COL1A2	Gly403Arg	c.1207G>C	1
570591	NM_000089.4(COL1A2):c.1208G>T (p.Gly403Val)	COL1A2	Gly403Val	c.1208G>T	1
3758889	NM_000089.4(COL1A2):c.1216G>T (p.Gly406Cys)	COL1A2	Gly406Cys	c.1216G>T	1
599144	NM_000089.4(COL1A2):c.1216G>A (p.Gly406Ser)	COL1A2	Gly406Ser	c.1216G>A	1
520400	NM_000089.4(COL1A2):c.1235G>T (p.Gly412Val)	COL1A2	Gly412Val	c.1235G>T	1
3754712	NM_000089.4(COL1A2):c.1253G>C (p.Gly418Ala)	COL1A2	Gly418Ala	c.1253G>C	1
17281	NM_000089.4(COL1A2):c.1262G>A (p.Gly421Asp)	COL1A2	Gly421Asp	c.1262G>A	1
854736	NM_000089.4(COL1A2):c.1270G>A (p.Gly424Ser)	COL1A2	Gly424Ser	c.1270G>A	1
2925409	NM_000089.4(COL1A2):c.1279G>A (p.Gly427Ser)	COL1A2	Gly427Ser	c.1279G>A	1
860577	NM_000089.4(COL1A2):c.1289G>A (p.Gly430Glu)	COL1A2	Gly430Glu	c.1289G>A	1
800487	NM_000089.4(COL1A2):c.1315G>T (p.Gly439Cys)	COL1A2	Gly439Cys	c.1315G>T	1
526882	NM_000089.4(COL1A2):c.1324G>A (p.Gly442Arg)	COL1A2	Gly442Arg	c.1324G>A	1
644457	NM_000089.4(COL1A2):c.1342G>C (p.Gly448Arg)	COL1A2	Gly448Arg	c.1342G>C	1
1683603	NM_000089.4(COL1A2):c.1343G>A (p.Gly448Glu)	COL1A2	Gly448Glu	c.1343G>A	1
1708264	NM_000089.4(COL1A2):c.1351G>A (p.Gly451Ser)	COL1A2	Gly451Ser	c.1351G>A	1
1027380	NM_000089.4(COL1A2):c.1352G>A (p.Gly451Asp)	COL1A2	Gly451Asp	c.1352G>A	1
265388	NM_000089.4(COL1A2):c.1360G>T (p.Gly454Cys)	COL1A2	Gly454Cys	c.1360G>T	1
526895	NM_000089.4(COL1A2):c.1378G>A (p.Gly460Ser)	COL1A2	Gly460Ser	c.1378G>A	1
1066123	NM_000089.4(COL1A2):c.1388G>C (p.Gly463Ala)	COL1A2	Gly463Ala	c.1388G>C	1
2922709	NM_000089.4(COL1A2):c.1405G>A (p.Gly469Ser)	COL1A2	Gly469Ser	c.1405G>A	1
425648	NM_000089.4(COL1A2):c.1406G>C (p.Gly469Ala)	COL1A2	Gly469Ala	c.1406G>C	1
1701990	NM_000089.4(COL1A2):c.1414G>C (p.Gly472Arg)	COL1A2	Gly472Arg	c.1414G>C	1
17249	NM_000089.4(COL1A2):c.1414G>T (p.Gly472Cys)	COL1A2	Gly472Cys	c.1414G>T	1
870139	NM_000089.4(COL1A2):c.1424G>T (p.Gly475Val)	COL1A2	Gly475Val	c.1424G>T	1
2922279	NM_000089.4(COL1A2):c.1432G>T (p.Gly478Cys)	COL1A2	Gly478Cys	c.1432G>T	1
4075340	NM_000089.4(COL1A2):c.1441G>T (p.Gly481Cys)	COL1A2	Gly481Cys	c.1441G>T	1
1420300	NM_000089.4(COL1A2):c.1441G>C (p.Gly481Arg)	COL1A2	Gly481Arg	c.1441G>C	1
3758891	NM_000089.4(COL1A2):c.1459G>C (p.Gly487Arg)	COL1A2	Gly487Arg	c.1459G>C	1
947920	NM_000089.4(COL1A2):c.1459G>A (p.Gly487Arg)	COL1A2	Gly487Arg	c.1459G>A	1
456806	NM_000089.4(COL1A2):c.1477G>C (p.Gly493Arg)	COL1A2	Gly493Arg	c.1477G>C	1
2136564	NM_000089.4(COL1A2):c.1478G>T (p.Gly493Val)	COL1A2	Gly493Val	c.1478G>T	1
526885	NM_000089.4(COL1A2):c.1478G>A (p.Gly493Glu)	COL1A2	Gly493Glu	c.1478G>A	1
4075341	NM_000089.4(COL1A2):c.1495G>A (p.Gly499Ser)	COL1A2	Gly499Ser	c.1495G>A	1
1701991	NM_000089.4(COL1A2):c.1496G>C (p.Gly499Ala)	COL1A2	Gly499Ala	c.1496G>C	1
17262	NM_000089.4(COL1A2):c.1504G>A (p.Gly502Ser)	COL1A2	Gly502Ser	c.1504G>A	1
2951085	NM_000089.4(COL1A2):c.1505G>A (p.Gly502Asp)	COL1A2	Gly502Asp	c.1505G>A	1
456808	NM_000089.4(COL1A2):c.1513G>A (p.Gly505Ser)	COL1A2	Gly505Ser	c.1513G>A	1
456809	NM_000089.4(COL1A2):c.1514G>C (p.Gly505Ala)	COL1A2	Gly505Ala	c.1514G>C	1
3594954	NM_000089.4(COL1A2):c.1523G>T (p.Gly508Val)	COL1A2	Gly508Val	c.1523G>T	1
2431378	NM_000089.4(COL1A2):c.1531G>T (p.Gly511Cys)	COL1A2	Gly511Cys	c.1531G>T	1
1694467	NM_000089.4(COL1A2):c.1531G>A (p.Gly511Ser)	COL1A2	Gly511Ser	c.1531G>A	1
1459494	NM_000089.4(COL1A2):c.1532G>A (p.Gly511Asp)	COL1A2	Gly511Asp	c.1532G>A	1
3756064	NM_000089.4(COL1A2):c.1541G>A (p.Gly514Asp)	COL1A2	Gly514Asp	c.1541G>A	1
994266	NM_000089.4(COL1A2):c.1541G>C (p.Gly514Ala)	COL1A2	Gly514Ala	c.1541G>C	1
2136565	NM_000089.4(COL1A2):c.1549G>A (p.Gly517Ser)	COL1A2	Gly517Ser	c.1549G>A	1
3755803	NM_000089.4(COL1A2):c.1550G>T (p.Gly517Val)	COL1A2	Gly517Val	c.1550G>T	1
4075343	NM_000089.4(COL1A2):c.1558G>A (p.Gly520Ser)	COL1A2	Gly520Ser	c.1558G>A	1
521008	NM_000089.4(COL1A2):c.1576G>A (p.Gly526Arg)	COL1A2	Gly526Arg	c.1576G>A	1
3391192	NM_000089.4(COL1A2):c.1577G>T (p.Gly526Val)	COL1A2	Gly526Val	c.1577G>T	1
3759118	NM_000089.4(COL1A2):c.1586G>A (p.Gly529Asp)	COL1A2	Gly529Asp	c.1586G>A	1
1806461	NM_000089.4(COL1A2):c.1612G>A (p.Gly538Ser)	COL1A2	Gly538Ser	c.1612G>A	1
2925410	NM_000089.4(COL1A2):c.1630G>A (p.Gly544Ser)	COL1A2	Gly544Ser	c.1630G>A	1
1333726	NM_000089.4(COL1A2):c.1630G>T (p.Gly544Cys)	COL1A2	Gly544Cys	c.1630G>T	1
1699981	NM_000089.4(COL1A2):c.1631G>C (p.Gly544Ala)	COL1A2	Gly544Ala	c.1631G>C	1
3383074	NM_000089.4(COL1A2):c.1640G>T (p.Gly547Val)	COL1A2	Gly547Val	c.1640G>T	1
17241	NM_000089.4(COL1A2):c.1640G>A (p.Gly547Asp)	COL1A2	Gly547Asp	c.1640G>A	1
254953	NM_000089.4(COL1A2):c.1645C>G (p.Pro549Ala)	COL1A2	Pro549Ala	c.1645C>G	0
1806462	NM_000089.4(COL1A2):c.1657G>T (p.Gly553Cys)	COL1A2	Gly553Cys	c.1657G>T	1
526894	NM_000089.4(COL1A2):c.1666G>T (p.Gly556Cys)	COL1A2	Gly556Cys	c.1666G>T	1
4075344	NM_000089.4(COL1A2):c.1667G>A (p.Gly556Asp)	COL1A2	Gly556Asp	c.1667G>A	1
691336	NM_000089.4(COL1A2):c.1667G>T (p.Gly556Val)	COL1A2	Gly556Val	c.1667G>T	1
2094761	NM_000089.4(COL1A2):c.1675G>A (p.Gly559Ser)	COL1A2	Gly559Ser	c.1675G>A	1
1895429	NM_000089.4(COL1A2):c.1676G>A (p.Gly559Asp)	COL1A2	Gly559Asp	c.1676G>A	1
4075345	NM_000089.4(COL1A2):c.1684G>A (p.Gly562Ser)	COL1A2	Gly562Ser	c.1684G>A	1
2136567	NM_000089.4(COL1A2):c.1693G>A (p.Gly565Ser)	COL1A2	Gly565Ser	c.1693G>A	1
196158	NM_000089.4(COL1A2):c.1694G>C (p.Gly565Ala)	COL1A2	Gly565Ala	c.1694G>C	1
17257	NM_000089.4(COL1A2):c.1739G>A (p.Gly580Asp)	COL1A2	Gly580Asp	c.1739G>A	1
456811	NM_000089.4(COL1A2):c.1748G>C (p.Gly583Ala)	COL1A2	Gly583Ala	c.1748G>C	1
1405907	NM_000089.4(COL1A2):c.1757G>C (p.Gly586Ala)	COL1A2	Gly586Ala	c.1757G>C	1
17253	NM_000089.4(COL1A2):c.1757G>T (p.Gly586Val)	COL1A2	Gly586Val	c.1757G>T	1
1224306	NM_000089.4(COL1A2):c.1774G>A (p.Gly592Ser)	COL1A2	Gly592Ser	c.1774G>A	1
2945135	NM_000089.4(COL1A2):c.1775G>A (p.Gly592Asp)	COL1A2	Gly592Asp	c.1775G>A	1
1483175	NM_000089.4(COL1A2):c.1793G>A (p.Gly598Asp)	COL1A2	Gly598Asp	c.1793G>A	1
1349331	NM_000089.4(COL1A2):c.1793G>C (p.Gly598Ala)	COL1A2	Gly598Ala	c.1793G>C	1
425649	NM_000089.4(COL1A2):c.1801G>A (p.Gly601Ser)	COL1A2	Gly601Ser	c.1801G>A	1
3758892	NM_000089.4(COL1A2):c.1810G>A (p.Gly604Ser)	COL1A2	Gly604Ser	c.1810G>A	1
1496767	NM_000089.4(COL1A2):c.1811G>A (p.Gly604Asp)	COL1A2	Gly604Asp	c.1811G>A	1
966304	NM_000089.4(COL1A2):c.1820G>C (p.Gly607Ala)	COL1A2	Gly607Ala	c.1820G>C	1
3756847	NM_000089.4(COL1A2):c.1828G>A (p.Gly610Ser)	COL1A2	Gly610Ser	c.1828G>A	1
969772	NM_000089.4(COL1A2):c.1837G>A (p.Gly613Arg)	COL1A2	Gly613Arg	c.1837G>A	1
1701992	NM_000089.4(COL1A2):c.1838G>A (p.Gly613Glu)	COL1A2	Gly613Glu	c.1838G>A	1
2925411	NM_000089.4(COL1A2):c.1846G>C (p.Gly616Arg)	COL1A2	Gly616Arg	c.1846G>C	1
2004468	NM_000089.4(COL1A2):c.1846G>A (p.Gly616Arg)	COL1A2	Gly616Arg	c.1846G>A	1
1224367	NM_000089.4(COL1A2):c.1847G>A (p.Gly616Glu)	COL1A2	Gly616Glu	c.1847G>A	1
1701993	NM_000089.4(COL1A2):c.1864G>T (p.Gly622Cys)	COL1A2	Gly622Cys	c.1864G>T	1
1488079	NM_000089.4(COL1A2):c.1873G>T (p.Gly625Cys)	COL1A2	Gly625Cys	c.1873G>T	1
35938	NM_000089.4(COL1A2):c.1873G>A (p.Gly625Ser)	COL1A2	Gly625Ser	c.1873G>A	1
1468581	NM_000089.4(COL1A2):c.1874G>C (p.Gly625Ala)	COL1A2	Gly625Ala	c.1874G>C	1
4056447	NM_000089.4(COL1A2):c.1882G>T (p.Gly628Cys)	COL1A2	Gly628Cys	c.1882G>T	1
2945561	NM_000089.4(COL1A2):c.1883G>A (p.Gly628Asp)	COL1A2	Gly628Asp	c.1883G>A	1
1457414	NM_000089.4(COL1A2):c.1892G>A (p.Gly631Asp)	COL1A2	Gly631Asp	c.1892G>A	1
663292	NM_000089.4(COL1A2):c.1892G>T (p.Gly631Val)	COL1A2	Gly631Val	c.1892G>T	1
1685649	NM_000089.4(COL1A2):c.1900G>A (p.Gly634Ser)	COL1A2	Gly634Ser	c.1900G>A	1
2628083	NM_000089.4(COL1A2):c.1927G>A (p.Gly643Arg)	COL1A2	Gly643Arg	c.1927G>A	1
17243	NM_000089.4(COL1A2):c.1936G>T (p.Gly646Cys)	COL1A2	Gly646Cys	c.1936G>T	1
3754741	NM_000089.4(COL1A2):c.1937G>A (p.Gly646Asp)	COL1A2	Gly646Asp	c.1937G>A	1
425650	NM_000089.4(COL1A2):c.1937G>T (p.Gly646Val)	COL1A2	Gly646Val	c.1937G>T	1
1432478	NM_000089.4(COL1A2):c.1963G>A (p.Gly655Arg)	COL1A2	Gly655Arg	c.1963G>A	1
456812	NM_000089.4(COL1A2):c.1964G>A (p.Gly655Glu)	COL1A2	Gly655Glu	c.1964G>A	1
2036181	NM_000089.4(COL1A2):c.1981G>C (p.Gly661Arg)	COL1A2	Gly661Arg	c.1981G>C	1
1071308	NM_000089.4(COL1A2):c.1981G>T (p.Gly661Cys)	COL1A2	Gly661Cys	c.1981G>T	1
2430842	NM_000089.4(COL1A2):c.1990G>C (p.Gly664Arg)	COL1A2	Gly664Arg	c.1990G>C	1
585498	NM_000089.4(COL1A2):c.1991G>T (p.Gly664Val)	COL1A2	Gly664Val	c.1991G>T	1
35939	NM_000089.4(COL1A2):c.1991G>A (p.Gly664Asp)	COL1A2	Gly664Asp	c.1991G>A	1
495539	NM_000089.4(COL1A2):c.1999G>T (p.Gly667Cys)	COL1A2	Gly667Cys	c.1999G>T	1
2034209	NM_000089.4(COL1A2):c.2008G>A (p.Gly670Ser)	COL1A2	Gly670Ser	c.2008G>A	1
1459496	NM_000089.4(COL1A2):c.2018G>A (p.Gly673Asp)	COL1A2	Gly673Asp	c.2018G>A	1
4075346	NM_000089.4(COL1A2):c.2027G>T (p.Gly676Val)	COL1A2	Gly676Val	c.2027G>T	1
548666	NM_000089.4(COL1A2):c.2027G>A (p.Gly676Asp)	COL1A2	Gly676Asp	c.2027G>A	1
802335	NM_000089.4(COL1A2):c.2035G>A (p.Gly679Ser)	COL1A2	Gly679Ser	c.2035G>A	1
1465865	NM_000089.4(COL1A2):c.2036G>C (p.Gly679Ala)	COL1A2	Gly679Ala	c.2036G>C	1
3754465	NM_000089.4(COL1A2):c.2053G>A (p.Gly685Ser)	COL1A2	Gly685Ser	c.2053G>A	1
2953269	NM_000089.4(COL1A2):c.2053G>T (p.Gly685Cys)	COL1A2	Gly685Cys	c.2053G>T	1
936290	NM_000089.4(COL1A2):c.2063G>A (p.Gly688Glu)	COL1A2	Gly688Glu	c.2063G>A	1
870141	NM_000089.4(COL1A2):c.2072G>A (p.Gly691Asp)	COL1A2	Gly691Asp	c.2072G>A	1
392356	NM_000089.4(COL1A2):c.2078G>A (p.Arg693Gln)	COL1A2	Arg693Gln	c.2078G>A	0
17254	NM_000089.4(COL1A2):c.2080G>C (p.Gly694Arg)	COL1A2	Gly694Arg	c.2080G>C	1
2136569	NM_000089.4(COL1A2):c.2081G>A (p.Gly694Asp)	COL1A2	Gly694Asp	c.2081G>A	1
4075347	NM_000089.4(COL1A2):c.2089G>T (p.Gly697Trp)	COL1A2	Gly697Trp	c.2089G>T	1
664575	NM_000089.4(COL1A2):c.2098G>C (p.Gly700Arg)	COL1A2	Gly700Arg	c.2098G>C	1
641929	NM_000089.4(COL1A2):c.2098G>T (p.Gly700Cys)	COL1A2	Gly700Cys	c.2098G>T	1
2025252	NM_000089.4(COL1A2):c.2107G>T (p.Gly703Cys)	COL1A2	Gly703Cys	c.2107G>T	1
4075348	NM_000089.4(COL1A2):c.2134G>A (p.Gly712Ser)	COL1A2	Gly712Ser	c.2134G>A	1
1314966	NM_000089.4(COL1A2):c.2152G>A (p.Gly718Ser)	COL1A2	Gly718Ser	c.2152G>A	1
1333655	NM_000089.4(COL1A2):c.2161G>T (p.Gly721Cys)	COL1A2	Gly721Cys	c.2161G>T	1
3366898	NM_000089.4(COL1A2):c.2179G>T (p.Gly727Cys)	COL1A2	Gly727Cys	c.2179G>T	1
2942532	NM_000089.4(COL1A2):c.2179G>C (p.Gly727Arg)	COL1A2	Gly727Arg	c.2179G>C	1
851896	NM_000089.4(COL1A2):c.2188G>A (p.Gly730Ser)	COL1A2	Gly730Ser	c.2188G>A	1
4280323	NM_000089.4(COL1A2):c.2197G>T (p.Gly733Cys)	COL1A2	Gly733Cys	c.2197G>T	1
3757451	NM_000089.4(COL1A2):c.2206G>A (p.Gly736Ser)	COL1A2	Gly736Ser	c.2206G>A	1
1223742	NM_000089.4(COL1A2):c.2206G>T (p.Gly736Cys)	COL1A2	Gly736Cys	c.2206G>T	1
1075256	NM_000089.4(COL1A2):c.2215G>C (p.Gly739Arg)	COL1A2	Gly739Arg	c.2215G>C	1
934873	NM_000089.4(COL1A2):c.2215G>A (p.Gly739Arg)	COL1A2	Gly739Arg	c.2215G>A	1
3755352	NM_000089.4(COL1A2):c.2225G>C (p.Gly742Ala)	COL1A2	Gly742Ala	c.2225G>C	1
1326102	NM_000089.4(COL1A2):c.2225G>A (p.Gly742Glu)	COL1A2	Gly742Glu	c.2225G>A	1
2579637	NM_000089.4(COL1A2):c.2233G>A (p.Gly745Arg)	COL1A2	Gly745Arg	c.2233G>A	1
3363155	NM_000089.4(COL1A2):c.2234G>A (p.Gly745Glu)	COL1A2	Gly745Glu	c.2234G>A	1
571444	NM_000089.4(COL1A2):c.2242G>A (p.Gly748Ser)	COL1A2	Gly748Ser	c.2242G>A	1
17267	NM_000089.4(COL1A2):c.2251G>A (p.Gly751Ser)	COL1A2	Gly751Ser	c.2251G>A	1
965406	NM_000089.4(COL1A2):c.2252G>T (p.Gly751Val)	COL1A2	Gly751Val	c.2252G>T	1
501007	NM_000089.4(COL1A2):c.2260G>T (p.Gly754Cys)	COL1A2	Gly754Cys	c.2260G>T	1
3900698	NM_000089.4(COL1A2):c.2269G>T (p.Gly757Cys)	COL1A2	Gly757Cys	c.2269G>T	1
1701995	NM_000089.4(COL1A2):c.2270G>A (p.Gly757Asp)	COL1A2	Gly757Asp	c.2270G>A	1
641588	NM_000089.4(COL1A2):c.2278G>A (p.Gly760Arg)	COL1A2	Gly760Arg	c.2278G>A	1
958145	NM_000089.4(COL1A2):c.2279G>T (p.Gly760Val)	COL1A2	Gly760Val	c.2279G>T	1
1454487	NM_000089.4(COL1A2):c.2288G>A (p.Gly763Asp)	COL1A2	Gly763Asp	c.2288G>A	1
945799	NM_000089.4(COL1A2):c.2296G>C (p.Gly766Arg)	COL1A2	Gly766Arg	c.2296G>C	1
447151	NM_000089.4(COL1A2):c.2296G>A (p.Gly766Ser)	COL1A2	Gly766Ser	c.2296G>A	1
2579136	NM_000089.4(COL1A2):c.2297G>A (p.Gly766Asp)	COL1A2	Gly766Asp	c.2297G>A	1
2951624	NM_000089.4(COL1A2):c.2305G>A (p.Gly769Ser)	COL1A2	Gly769Ser	c.2305G>A	1
839050	NM_000089.4(COL1A2):c.2305G>T (p.Gly769Cys)	COL1A2	Gly769Cys	c.2305G>T	1
931916	NM_000089.4(COL1A2):c.2306G>T (p.Gly769Val)	COL1A2	Gly769Val	c.2306G>T	1
1701996	NM_000089.4(COL1A2):c.2314G>T (p.Gly772Cys)	COL1A2	Gly772Cys	c.2314G>T	1
1468991	NM_000089.4(COL1A2):c.2314G>C (p.Gly772Arg)	COL1A2	Gly772Arg	c.2314G>C	1
420022	NM_000089.4(COL1A2):c.2314G>A (p.Gly772Ser)	COL1A2	Gly772Ser	c.2314G>A	1
1390690	NM_000089.4(COL1A2):c.2323G>C (p.Gly775Arg)	COL1A2	Gly775Arg	c.2323G>C	1
1031384	NM_000089.4(COL1A2):c.2324G>A (p.Gly775Glu)	COL1A2	Gly775Glu	c.2324G>A	1
1524189	NM_000089.4(COL1A2):c.2333G>C (p.Gly778Ala)	COL1A2	Gly778Ala	c.2333G>C	1
841344	NM_000089.4(COL1A2):c.2341G>C (p.Gly781Arg)	COL1A2	Gly781Arg	c.2341G>C	1
2925413	NM_000089.4(COL1A2):c.2359G>T (p.Gly787Cys)	COL1A2	Gly787Cys	c.2359G>T	1
1503924	NM_000089.4(COL1A2):c.2360G>C (p.Gly787Ala)	COL1A2	Gly787Ala	c.2360G>C	1
449351	NM_000089.4(COL1A2):c.2387G>C (p.Gly796Ala)	COL1A2	Gly796Ala	c.2387G>C	1
1701997	NM_000089.4(COL1A2):c.2396G>A (p.Gly799Glu)	COL1A2	Gly799Glu	c.2396G>A	1
3242194	NM_000089.4(COL1A2):c.2404G>A (p.Gly802Ser)	COL1A2	Gly802Ser	c.2404G>A	1
638318	NM_000089.4(COL1A2):c.2405G>T (p.Gly802Val)	COL1A2	Gly802Val	c.2405G>T	1
1075257	NM_000089.4(COL1A2):c.2413G>T (p.Gly805Cys)	COL1A2	Gly805Cys	c.2413G>T	1
17246	NM_000089.4(COL1A2):c.2414G>A (p.Gly805Asp)	COL1A2	Gly805Asp	c.2414G>A	1
847143	NM_000089.4(COL1A2):c.2422G>A (p.Gly808Ser)	COL1A2	Gly808Ser	c.2422G>A	1
1404738	NM_000089.4(COL1A2):c.2431G>A (p.Gly811Ser)	COL1A2	Gly811Ser	c.2431G>A	1
4075351	NM_000089.4(COL1A2):c.2440G>A (p.Gly814Arg)	COL1A2	Gly814Arg	c.2440G>A	1
526888	NM_000089.4(COL1A2):c.2441G>A (p.Gly814Glu)	COL1A2	Gly814Glu	c.2441G>A	1
1508459	NM_000089.4(COL1A2):c.2449G>T (p.Gly817Trp)	COL1A2	Gly817Trp	c.2449G>T	1
1224430	NM_000089.4(COL1A2):c.2504G>A (p.Gly835Asp)	COL1A2	Gly835Asp	c.2504G>A	1
369668	NM_000089.4(COL1A2):c.2512G>A (p.Gly838Ser)	COL1A2	Gly838Ser	c.2512G>A	1
568053	NM_000089.4(COL1A2):c.2521G>A (p.Gly841Ser)	COL1A2	Gly841Ser	c.2521G>A	1
373093	NM_000089.4(COL1A2):c.2531G>C (p.Gly844Ala)	COL1A2	Gly844Ala	c.2531G>C	1
2169524	NM_000089.4(COL1A2):c.2539G>A (p.Gly847Ser)	COL1A2	Gly847Ser	c.2539G>A	1
2935894	NM_000089.4(COL1A2):c.2558G>C (p.Gly853Ala)	COL1A2	Gly853Ala	c.2558G>C	1
360963	NM_000089.4(COL1A2):c.2563G>A (p.Ala855Thr)	COL1A2	Ala855Thr	c.2563G>A	0
908994	NM_000089.4(COL1A2):c.2569C>A (p.Pro857Thr)	COL1A2	Pro857Thr	c.2569C>A	0
17261	NM_000089.4(COL1A2):c.2575G>A (p.Gly859Ser)	COL1A2	Gly859Ser	c.2575G>A	1
2152038	NM_000089.4(COL1A2):c.2576G>A (p.Gly859Asp)	COL1A2	Gly859Asp	c.2576G>A	1
17242	NM_000089.4(COL1A2):c.2593G>A (p.Gly865Ser)	COL1A2	Gly865Ser	c.2593G>A	1
1067157	NM_000089.4(COL1A2):c.2603G>C (p.Gly868Ala)	COL1A2	Gly868Ala	c.2603G>C	1
3366897	NM_000089.4(COL1A2):c.2612G>C (p.Gly871Ala)	COL1A2	Gly871Ala	c.2612G>C	1
1302007	NM_000089.4(COL1A2):c.2621G>C (p.Gly874Ala)	COL1A2	Gly874Ala	c.2621G>C	1
930288	NM_000089.4(COL1A2):c.2629G>A (p.Gly877Ser)	COL1A2	Gly877Ser	c.2629G>A	1
3759119	NM_000089.4(COL1A2):c.2638G>A (p.Gly880Ser)	COL1A2	Gly880Ser	c.2638G>A	1
590994	NM_000089.4(COL1A2):c.2657G>T (p.Gly886Val)	COL1A2	Gly886Val	c.2657G>T	1
1458888	NM_000089.4(COL1A2):c.2675G>A (p.Gly892Asp)	COL1A2	Gly892Asp	c.2675G>A	1
590993	NM_000089.4(COL1A2):c.2684G>A (p.Gly895Asp)	COL1A2	Gly895Asp	c.2684G>A	1
1343353	NM_000089.4(COL1A2):c.2701G>A (p.Gly901Ser)	COL1A2	Gly901Ser	c.2701G>A	1
1224380	NM_000089.4(COL1A2):c.2701G>T (p.Gly901Cys)	COL1A2	Gly901Cys	c.2701G>T	1
2431396	NM_000089.4(COL1A2):c.2710G>C (p.Gly904Arg)	COL1A2	Gly904Arg	c.2710G>C	1
2922855	NM_000089.4(COL1A2):c.2711G>C (p.Gly904Ala)	COL1A2	Gly904Ala	c.2711G>C	1
2921573	NM_000089.4(COL1A2):c.2711G>T (p.Gly904Val)	COL1A2	Gly904Val	c.2711G>T	1
1341504	NM_000089.4(COL1A2):c.2711G>A (p.Gly904Glu)	COL1A2	Gly904Glu	c.2711G>A	1
456822	NM_000089.4(COL1A2):c.2719G>A (p.Gly907Ser)	COL1A2	Gly907Ser	c.2719G>A	1
2944174	NM_000089.4(COL1A2):c.2729G>A (p.Gly910Asp)	COL1A2	Gly910Asp	c.2729G>A	1
1702191	NM_000089.4(COL1A2):c.2737G>A (p.Gly913Ser)	COL1A2	Gly913Ser	c.2737G>A	1
1804638	NM_000089.4(COL1A2):c.2738G>A (p.Gly913Asp)	COL1A2	Gly913Asp	c.2738G>A	1
940648	NM_000089.4(COL1A2):c.2746G>A (p.Gly916Arg)	COL1A2	Gly916Arg	c.2746G>A	1
1456438	NM_000089.4(COL1A2):c.2755G>T (p.Gly919Cys)	COL1A2	Gly919Cys	c.2755G>T	1
1068896	NM_000089.4(COL1A2):c.2755G>A (p.Gly919Ser)	COL1A2	Gly919Ser	c.2755G>A	1
456824	NM_000089.4(COL1A2):c.2756G>A (p.Gly919Asp)	COL1A2	Gly919Asp	c.2756G>A	1
3767111	NM_000089.4(COL1A2):c.2774G>A (p.Gly925Asp)	COL1A2	Gly925Asp	c.2774G>A	1
3236266	NM_000089.4(COL1A2):c.2783G>T (p.Gly928Val)	COL1A2	Gly928Val	c.2783G>T	1
861061	NM_000089.4(COL1A2):c.2791G>A (p.Gly931Arg)	COL1A2	Gly931Arg	c.2791G>A	1
1699550	NM_000089.4(COL1A2):c.2809G>T (p.Gly937Cys)	COL1A2	Gly937Cys	c.2809G>T	1
988398	NM_000089.4(COL1A2):c.2819G>T (p.Gly940Val)	COL1A2	Gly940Val	c.2819G>T	1
2942407	NM_000089.4(COL1A2):c.2837G>C (p.Gly946Ala)	COL1A2	Gly946Ala	c.2837G>C	1
618026	NM_000089.4(COL1A2):c.2845G>A (p.Gly949Ser)	COL1A2	Gly949Ser	c.2845G>A	1
1806464	NM_000089.4(COL1A2):c.2854G>A (p.Gly952Ser)	COL1A2	Gly952Ser	c.2854G>A	1
456827	NM_000089.4(COL1A2):c.2861T>C (p.Ile954Thr)	COL1A2	Ile954Thr	c.2861T>C	0
1134369	NM_000089.4(COL1A2):c.2870T>A (p.Val957Asp)	COL1A2	Val957Asp	c.2870T>A	0
2430180	NM_000089.4(COL1A2):c.2873G>T (p.Gly958Val)	COL1A2	Gly958Val	c.2873G>T	1
1917801	NM_000089.4(COL1A2):c.2882G>A (p.Gly961Asp)	COL1A2	Gly961Asp	c.2882G>A	1
3032861	NM_000089.4(COL1A2):c.2900G>T (p.Gly967Val)	COL1A2	Gly967Val	c.2900G>T	1
4075352	NM_000089.4(COL1A2):c.2908G>C (p.Gly970Arg)	COL1A2	Gly970Arg	c.2908G>C	1
3758894	NM_000089.4(COL1A2):c.2908G>T (p.Gly970Cys)	COL1A2	Gly970Cys	c.2908G>T	1
2136572	NM_000089.4(COL1A2):c.2918G>A (p.Gly973Asp)	COL1A2	Gly973Asp	c.2918G>A	1
425654	NM_000089.4(COL1A2):c.2918G>T (p.Gly973Val)	COL1A2	Gly973Val	c.2918G>T	1
1527954	NM_000089.4(COL1A2):c.2935G>C (p.Gly979Arg)	COL1A2	Gly979Arg	c.2935G>C	1
958001	NM_000089.4(COL1A2):c.2944G>A (p.Gly982Ser)	COL1A2	Gly982Ser	c.2944G>A	1
1474111	NM_000089.4(COL1A2):c.2953G>A (p.Gly985Ser)	COL1A2	Gly985Ser	c.2953G>A	1
2945394	NM_000089.4(COL1A2):c.2962G>T (p.Gly988Cys)	COL1A2	Gly988Cys	c.2962G>T	1
618024	NM_000089.4(COL1A2):c.2989G>A (p.Gly997Ser)	COL1A2	Gly997Ser	c.2989G>A	1
3594955	NM_000089.4(COL1A2):c.2990G>T (p.Gly997Val)	COL1A2	Gly997Val	c.2990G>T	1
425655	NM_000089.4(COL1A2):c.3008G>A (p.Gly1003Asp)	COL1A2	Gly1003Asp	c.3008G>A	1
3759120	NM_000089.4(COL1A2):c.3016G>A (p.Gly1006Ser)	COL1A2	Gly1006Ser	c.3016G>A	1
17265	NM_000089.4(COL1A2):c.3017G>C (p.Gly1006Ala)	COL1A2	Gly1006Ala	c.3017G>C	1
2130819	NM_000089.4(COL1A2):c.3026G>C (p.Gly1009Ala)	COL1A2	Gly1009Ala	c.3026G>C	1
216908	NM_000089.4(COL1A2):c.3034G>A (p.Gly1012Ser)	COL1A2	Gly1012Ser	c.3034G>A	1
1328474	NM_000089.4(COL1A2):c.3070G>A (p.Gly1024Arg)	COL1A2	Gly1024Arg	c.3070G>A	1
807555	NM_000089.4(COL1A2):c.3088G>A (p.Gly1030Ser)	COL1A2	Gly1030Ser	c.3088G>A	1
425656	NM_000089.4(COL1A2):c.3089G>C (p.Gly1030Ala)	COL1A2	Gly1030Ala	c.3089G>C	1
575141	NM_000089.4(COL1A2):c.3106G>T (p.Gly1036Cys)	COL1A2	Gly1036Cys	c.3106G>T	1
425657	NM_000089.4(COL1A2):c.3106G>C (p.Gly1036Arg)	COL1A2	Gly1036Arg	c.3106G>C	1
3759121	NM_000089.4(COL1A2):c.3107G>T (p.Gly1036Val)	COL1A2	Gly1036Val	c.3107G>T	1
3775983	NM_000089.4(COL1A2):c.3116G>T (p.Gly1039Val)	COL1A2	Gly1039Val	c.3116G>T	1
946944	NM_000089.4(COL1A2):c.3124G>A (p.Gly1042Ser)	COL1A2	Gly1042Ser	c.3124G>A	1
3377392	NM_000089.4(COL1A2):c.3133G>A (p.Gly1045Ser)	COL1A2	Gly1045Ser	c.3133G>A	1
1332999	NM_000089.4(COL1A2):c.3134G>A (p.Gly1045Asp)	COL1A2	Gly1045Asp	c.3134G>A	1
283153	NM_000089.4(COL1A2):c.3139G>A (p.Val1047Met)	COL1A2	Val1047Met	c.3139G>A	0
1806465	NM_000089.4(COL1A2):c.3142G>A (p.Gly1048Ser)	COL1A2	Gly1048Ser	c.3142G>A	1
2116826	NM_000089.4(COL1A2):c.3143G>A (p.Gly1048Asp)	COL1A2	Gly1048Asp	c.3143G>A	1
1474787	NM_000089.4(COL1A2):c.3152G>C (p.Gly1051Ala)	COL1A2	Gly1051Ala	c.3152G>C	1
3756494	NM_000089.4(COL1A2):c.3160G>A (p.Gly1054Ser)	COL1A2	Gly1054Ser	c.3160G>A	1
1067319	NM_000089.4(COL1A2):c.3170G>A (p.Gly1057Asp)	COL1A2	Gly1057Asp	c.3170G>A	1
852708	NM_000089.4(COL1A2):c.3200G>A (p.Arg1067His)	COL1A2	Arg1067His	c.3200G>A	0
691332	NM_000089.4(COL1A2):c.3215G>T (p.Gly1072Val)	COL1A2	Gly1072Val	c.3215G>T	1
2944253	NM_000089.4(COL1A2):c.3233G>T (p.Gly1078Val)	COL1A2	Gly1078Val	c.3233G>T	1
1098566	NM_000089.4(COL1A2):c.3233G>A (p.Gly1078Asp)	COL1A2	Gly1078Asp	c.3233G>A	1
848804	NM_000089.4(COL1A2):c.3250G>T (p.Gly1084Cys)	COL1A2	Gly1084Cys	c.3250G>T	1
4075354	NM_000089.4(COL1A2):c.3251G>A (p.Gly1084Asp)	COL1A2	Gly1084Asp	c.3251G>A	1
456829	NM_000089.4(COL1A2):c.3260G>T (p.Gly1087Val)	COL1A2	Gly1087Val	c.3260G>T	1
2946497	NM_000089.4(COL1A2):c.3268G>A (p.Gly1090Ser)	COL1A2	Gly1090Ser	c.3268G>A	1
17282	NM_000089.4(COL1A2):c.3269G>A (p.Gly1090Asp)	COL1A2	Gly1090Asp	c.3269G>A	1
3377382	NM_000089.4(COL1A2):c.3277G>A (p.Gly1093Ser)	COL1A2	Gly1093Ser	c.3277G>A	1
2577428	NM_000089.4(COL1A2):c.3277G>T (p.Gly1093Cys)	COL1A2	Gly1093Cys	c.3277G>T	1
1451958	NM_000089.4(COL1A2):c.3277G>C (p.Gly1093Arg)	COL1A2	Gly1093Arg	c.3277G>C	1
4075355	NM_000089.4(COL1A2):c.3278G>C (p.Gly1093Ala)	COL1A2	Gly1093Ala	c.3278G>C	1
934568	NM_000089.4(COL1A2):c.3286G>A (p.Gly1096Ser)	COL1A2	Gly1096Ser	c.3286G>A	1
2037661	NM_000089.4(COL1A2):c.3287G>A (p.Gly1096Asp)	COL1A2	Gly1096Asp	c.3287G>A	1
17283	NM_000089.4(COL1A2):c.3295G>A (p.Gly1099Arg)	COL1A2	Gly1099Arg	c.3295G>A	1
585502	NM_000089.4(COL1A2):c.3304G>A (p.Gly1102Ser)	COL1A2	Gly1102Ser	c.3304G>A	1
425659	NM_000089.4(COL1A2):c.3304G>T (p.Gly1102Cys)	COL1A2	Gly1102Cys	c.3304G>T	1
2925415	NM_000089.4(COL1A2):c.3305G>A (p.Gly1102Asp)	COL1A2	Gly1102Asp	c.3305G>A	1
975940	NM_000089.4(COL1A2):c.3305G>C (p.Gly1102Ala)	COL1A2	Gly1102Ala	c.3305G>C	1
1472691	NM_000089.4(COL1A2):c.3350A>G (p.Tyr1117Cys)	COL1A2	Tyr1117Cys	c.3350A>G	1
1709348	NM_000089.4(COL1A2):c.3355G>A (p.Ala1119Thr)	COL1A2	Ala1119Thr	c.3355G>A	1
1380342	NM_000089.4(COL1A2):c.3358G>A (p.Asp1120Asn)	COL1A2	Asp1120Asn	c.3358G>A	1
1367319	NM_000089.4(COL1A2):c.3359A>G (p.Asp1120Gly)	COL1A2	Asp1120Gly	c.3359A>G	1
665269	NM_000089.4(COL1A2):c.3495C>G (p.Asp1165Glu)	COL1A2	Asp1165Glu	c.3495C>G	1
2019973	NM_000089.4(COL1A2):c.3583T>A (p.Cys1195Ser)	COL1A2	Cys1195Ser	c.3583T>A	1
1498972	NM_000089.4(COL1A2):c.3583T>C (p.Cys1195Arg)	COL1A2	Cys1195Arg	c.3583T>C	1
2572560	NM_000089.4(COL1A2):c.3584G>C (p.Cys1195Ser)	COL1A2	Cys1195Ser	c.3584G>C	1
360969	NM_000089.4(COL1A2):c.3614G>A (p.Arg1205Gln)	COL1A2	Arg1205Gln	c.3614G>A	0
3758897	NM_000089.4(COL1A2):c.3814T>A (p.Cys1272Ser)	COL1A2	Cys1272Ser	c.3814T>A	1
4279084	NM_000089.4(COL1A2):c.3815G>A (p.Cys1272Tyr)	COL1A2	Cys1272Tyr	c.3815G>A	1
948124	NM_000089.4(COL1A2):c.3815G>T (p.Cys1272Phe)	COL1A2	Cys1272Phe	c.3815G>T	1
